id,Label
3,anlncoi2fzbsadbujidqmtji7hshfw3nrkqvbgdleepbxx3d5xra.b32.i2p
73,jz4quyw7zt63tmw65jfp76fblwadjss4iyi4puqdg3dye7oaqlvq.b32.i2p
85,j7xszhsjy7orrnbdys7yykrssv5imkn4eid7n5ikcnxuhpaaw6cq.b32.i2p
107,ehkjj4ptsagxlo27wpv4a5dk4zxqf4kg4p6fh35xrlz4y6mhe4eq.b32.i2p
134,i2p-projekt.i2p
151,4bpcp4fmvyr46vb4kqjvtxlst6puz4r3dld24umooiy5mesxzspa.b32.i2p
160,ktoacmumifddtqdw6ewns3szxths2hq2fat2o7xnwq4y3auga3za.b32.i2p
170,yyzdq4fwwmnlojp23drfpfqujln2vcjozjrfzfeuriuqzdq7g4mq.b32.i2p
172,7gajvk4dnnob6wlkoo2zcws7nor3gunvoi7ofalcps5lc76wruuq.b32.i2p
181,7633w56hd53sesr6b532r5qlbdnvyl5bnvama6ign6xryaxol4rq.b32.i2p
228,em763732l4b7b7zhaolctpt6wewwr7zw3nsxfchr6qmceizzmgpa.b32.i2p
244,m4mer767ipj7mq6l7gdrmrq37yzvsj3kzezd7n7nsfuctntjseka.b32.i2p
272,nnkikjorplul4dlytwfovkne66lwo7ln26xzuq33isvixw3wu3yq.b32.i2p
277,cw7ge5ey4ekp5iep2kaw6j54boebtqytpcbnvio2bfpccd5ejzfa.b32.i2p
313,joajgazyztfssty4w2on5oaqksz6tqoxbduy553y34mf4byv6gpq.b32.i2p
342,mt45a2z3sb2iyy2mwauj4rwa2lwu4peanfy6gx6ybidwnbasusyq.b32.i2p
366,t7o2tw36cffedgfr6kahewpkrntofnliuapji2e4rucl3os55epa.b32.i2p
392,5bhmrp43mjwlzf4x64xgdrkwmw4luvng6eq5waa663a7vnkp732a.b32.i2p
401,anoncoin.i2p
409,mabdiml4busx53hjh4el5wlyn4go5mgji2dxsfyelagi4v5mzjxq.b32.i2p
469,git.repo.i2p
471,qiii4iqrj3fwv4ucaji2oykcvsob75jviycv3ghw7dhzxg2kq53q.b32.i2p
488,5mvpsy4h45w4fx7upen7ay3vkrs5klphz5nptmtcqvc3fsajsm4q.b32.i2p
501,nrbnshsndzb6homcipymkkngngw4s6twediqottzqdfyvrvjw3pq.b32.i2p
510,5iedafy32swqq4t2wcmjb4fvg3onscng7ct7wb237jkvrclaftla.b32.i2p
512,6u2rfuq3cyeb7ytjzjxgbfa73ipzpzen5wx3tihyast2f2oeo24q.b32.i2p
514,kbhfkzx5jeqhfgss4xixnf4cb3jpuo432l3hxc32feelcmnr3yja.b32.i2p
533,dbpegthe42sx2yendpesxgispuohjixm4bds7ts5gjxzni5nu6na.b32.i2p
566,gqgvzum3xdgtaahkjfw3layb33vjrucmw5btyhrppm463cz3c5oq.b32.i2p
571,7mxwtmala3ycg2sybjwwfil7s6dqck2fbemeutghhwu73rznmqoa.b32.i2p
578,ukqap24nwac4gns77s4zy7j5cagt7l7syb5zo7eukfg3zn5gg5qq.b32.i2p
587,hodhusp73gltozgrnianlbploon3rrvhrzfn5mf2g46o7aaau5la.b32.i2p
600,aalttzlt3z25ktokesceweabm5yyhhvml2z3rfotndgpfyh6myra.b32.i2p
620,6y4tltjdgqwfdcz6tqwc7dxhhuradop2vejatisu64nwjzh5tuwa.b32.i2p
642,bnb46culzbssz6aipcjkuytanflz6dtndyhmlaxn3pfiv6zqrohq.b32.i2p
712,trac.i2p2.i2p
718,i2pwiki.i2p
812,3mzmrus2oron5fxptw7hw2puho3bnqmw2hqy7nw64dsrrjwdilva.b32.i2p
860,i2pforum.i2p
869,ahsplxkbhemefwvvml7qovzl5a2b5xo5i7lyai7ntdunvcyfdtna.b32.i2p
909,vaqc4jm2trq7lx2kkglve7rkzxhhaptcwwl32uicx4ehf5k3hx6q.b32.i2p
924,redzara.i2p
935,4q3qyzgz3ub5npbmt3vqqege5lg4zy62rhbgage4lpvnujwfpala.b32.i2p
950,bioq5jbcnfopqwvk7qssaxcl7avzeta6mu72jmxjeowflpcrhf6q.b32.i2p
955,secure.thetinhat.i2p
986,7msryymfdta3ssyz34qur6gi4jyfkvca5iyfmnceviipwu7g2wca.b32.i2p
989,i522xmu63hfbaw2k54cthffcoqmeao6urjyq3jg4hddf6wf57p3q.b32.i2p
1015,y6d4fs3rpqrctuv77ltfajf5m4tl4kzcu7rtwhxgiohylfxxow4q.b32.i2p
1045,psi.i2p
1091,reuvum7lgetglafn72chypesvto773oy53zumagrpigkckybrwda.b32.i2p
1097,u3f67staiwhqxpacya3clmvurdwd2kp7qcthzhstqnhrmlwc2g4a.b32.i2p
1108,w7tpbzncbcocrqtwwm3nezhnnsw4ozadvi2hmvzdhrqzfxfum7wa.b32.i2p
1116,wrrwzdgsppwl2g2bdohhajz3dh45ui6u3y7yuop5ivvfzxtwnipa.b32.i2p
1149,27ivgyi2xhbwjyqmnx3ufjvc2slg6mv7767hxct74cfwzksjemaq.b32.i2p
1184,r5vbv2akbp6txy5amkftia757klgdy44s6cglqhmstpg65xycyjq.b32.i2p
1233,ymzx5zgt6qzdg6nhxnecdgbqjd34ery6mpqolnbyo5kcwxadnodq.b32.i2p
1243,tnxiifs6uticzyg6ac4lhv2l5luwi6xra7yngocro56ive5e4jsq.b32.i2p
1278,utrer5zgnou72hs4eztmk37pmzdtfw3d6s23wwl7nk3lkqpzbdiq.b32.i2p
1291,ipll7sit24oyhnwawpvokz5u7dabq6klveuqpx3sbi6o5qemy2bq.b32.i2p
1343,pjhlh4h7zn3slglx46ffob5ifcccrcqr5dzbyyueh3wd6a6bizra.b32.i2p
1384,irkvgdnlc6tidoqomre4qr7q4w4qcjfyvbovatgyolk6d4uvcyha.b32.i2p
1393,stats.i2p
1396,echelon.i2p
1399,isxls447iuumsb35pq5r3di6xrxr2igugvshqwhi5hj5gvhwvqba.b32.i2p
1441,tracker2.postman.i2p
1471,bhjhc3lsdqzoyhxwzyrd63kvyg4br6n2337d74blyintae66mr2a.b32.i2p
1475,ll6q4lsirhwkln4dqxwqkh2xu4mu3jiy546b4uhe4fypyb4vvx2q.b32.i2p
1476,xdffxnxtjd6ji2zig3cgva7igvl2tiapyjoc7ylbzwqhxudbmvfa.b32.i2p
1506,e2t6rqd2ysbvs53t5nnaf7drllkgk6kfriq3lfuz6mip6xfg644q.b32.i2p
1554,iq26r2ls2qlkhbn62cvgb6a4iib7m5lkoulohdua5z6uvzlovjtq.b32.i2p
1562,o6rmndvggfwnuvxwyq54y667fmmurgveerlzufyrhub6w3vkagva.b32.i2p
1615,5vik2232yfwyltuwzq7ht2yocla46q76ioacin2bfofgy63hz6wa.b32.i2p
1703,56p5qxsrvo5ereibevetw2qbj5bronmos7wxunku27g2s4kpbnlq.b32.i2p
1714,tc73n4kivdroccekirco7rhgxdg5f3cjvbaapabupeyzrqwv5guq.b32.i2p
1723,rq4nabt5yzlkqfzqc7aqh6dex63pf4v6ip6tunb24jkqsh26ez4a.b32.i2p
1770,i2pjump.i2p
1782,nebcjgfx3f7q4wzihqmguwcdeopaf7f6wyk2dojw4bcuku472zxq.b32.i2p
1783,u4s3jneepk3akoez46kqiwikoezi6zyj2ibjkjyi4uuvsbcojzba.b32.i2p
1839,fpwrfvidfexsz7dspofkwtkmmizm7lyralfz5kvykffk7gubvxsq.b32.i2p
1878,fq7xhxkdcauhwn4loufcadiiy24zbei25elnup33a3gfrdzrtlyq.b32.i2p
1942,m7fqktjgtmsb3x7bvfrdx4tf7htnhytnz5qi2ujjcnph33u3hnja.b32.i2p
2373,qa4boq364ndjdgow4kadycr5vvch7hofzblcqangh3nobzvyew7a.b32.i2p
2378,diftracker.i2p
2391,vinz4ygmodxarocntyjlfwk2wjpvzndlf4hxss2w2t3fk52oplva.b32.i2p
2446,edvccoobtjukjgw2os5eetywanbb2mpag5aknkrpia5qx2koksua.b32.i2p
2476,tracker.thebland.i2p
2489,omt56v4jxa4hurbwk44vqbbcwn3eavuynyc24c25cy7grucjh24q.b32.i2p
2498,nfrjvknwcw47itotkzmk6mdlxmxfxsxhbhlr5ozhlsuavcogv4hq.b32.i2p
2524,vq43xjjcnejqpzfprws5qzrea2siieshu4tglpdepql2w3w3bpba.b32.i2p
2556,s5ikrdyjwbcgxmqetxb3nyheizftms7euacuub2hic7defkh3xhq.b32.i2p
2584,657xcllunctawyjtar5kgh3wpt6z4l7ba6mmam5rf7hev5w2lsvq.b32.i2p
2630,wue3ycaccf4texikza3fh6p5yrmtgnooisuypnepo5mo67lmpcqq.b32.i2p
2652,pyqjnycm55cuxow22voqj62qysrjdnb6nbyladaiaiirqi7vp2yq.b32.i2p
2659,hq.postman.i2p
2665,udhdrtrcetjm5sxzskjyr5ztpeszydbh4dpl3pl4utgqqw2v4jna.b32.i2p
2691,2fwlpuouwxlk2nj4xklvm43m52tqyhqnu2fcfiuv7clvf3wd5nwa.b32.i2p
2699,li5kue3hfaqhhvaoxiw2ollhhkw765myhwcijgock5rs4erdqdaa.b32.i2p
2716,uxe3lqueuuyklel23sf5h25zwgqgjwsofrqchhnptd5y6pedzbxa.b32.i2p
2723,3z5k3anbbk32thinvwcy4g5al7dmb75fagcm3zgh4rzrt3maphda.b32.i2p
2734,25cb5kixhxm6i6c6wequrhi65mez4duc4l5qk6ictbik3tnxlu6a.b32.i2p
2737,5hkhjehj3ct2pvcah7dcylwef2oti3xij5myxbv3pd7rocio5vkq.b32.i2p
2746,cv72xsje5ihg6e24atitmhyk2cbml6eggi6b6fjfh2vgw62gdpla.b32.i2p
2768,a4lzmjyba7aq7hl6okqpds7znnwymolqnr7xhvno2wraqb7uhfla.b32.i2p
2775,gctswdhp4447yibxfbqg3uq2bvx63qjeqnaoaux75zw73leakyva.b32.i2p
2797,afvtspvugtd32rsalxircjglh3fhcjzk7gxrm3gw4s2yrpvzk6wq.b32.i2p
2808,xxu3lso4h2rh6wmrxiou3ax7r7la7x6dhoepnku3jvrlwp35pefq.b32.i2p
2813,planet.i2p
2822,jd3agbakybnhfvkeoxrx7t33iln6suzomv3kxkxf77j7rkonch6q.b32.i2p
2851,j5fex634r2altzb3kjvu35qekt2r3hgsqzg5qxoy7dp53heu5pma.b32.i2p
2855,lldr2miowq6353fxy44pnxfk37d6yn2f6kaivzecbmvvnnf5exyq.b32.i2p
2860,pwgma3snbsgkddxgb54mrxxkt3l4jzchrtp52vxmw7rbkjygylxq.b32.i2p
2899,yxvzjwd4vin6pnjauekdufh7lxaijal3kqe2bhakuf47g5zkb6xa.b32.i2p
2922,vsd2vtgtuua2vwqsal2mpmxm2b2cpn3qzmqjoeumrrw2p4aot7uq.b32.i2p
2931,g7c54d4b7yva4ktpbaabqeu2yx6axalh4gevb44afpbwm23xuuya.b32.i2p
2938,owrnciwubb3f3dctvlmnaknb6tjdxtlzvv7klocb45mmhievdjhq.b32.i2p
2947,kk566cv37hivbjafiij5ryoui2ebxnm7b25gb3troniixopaj6nq.b32.i2p
2954,6d2tru665udiixwb7miyml7joxusehwmrbikyjjpwwwdpand2lza.b32.i2p
2963,zy37tq6ynucp3ufoyeegswqjaeofmj57cpm5ecd7nbanh2h6f2ja.b32.i2p
2965,identiguy.i2p
2986,cepsrw27kdegwo7ihzouwvgcvw2obswwjs23ollgj7hk2yrce3da.b32.i2p
2996,i43xzkihpdq34f2jlmtgiyyay5quafg5rebog7tk7xil2c6kbyoa.b32.i2p
3075,ctvfe2fimcsdfxmzmd42brnbf7ceenwrbroyjx3wzah5eudjyyza.b32.i2p
3076,qgv64klyy4tgk4ranaznet5sjgi7ccsrawtjx3j5tvekvvfl67aa.b32.i2p
3098,nch2arl45crkyk6bklyk2hrdwjf5nztyxdtoshy6llhwqgxho5jq.b32.i2p
3114,hz2xhtpeo6btgiwi6od4qj2575ml5o2246rd5orarruyjhd63zja.b32.i2p
3137,xbf3ots2purqun7orn72ypkpjmrzbfrkj3u654zfe77hbrbow6la.b32.i2p
3189,fzbdltgsg7jrpz7gmjfvhpcdnw5yrglwspnxqp4zoym3bglntzfa.b32.i2p
3201,opentracker.dg2.i2p
3202,vsyjsbbf2pyggtilpqwqnhgcc7mymjxblamarmxe5hmbxaxvcndq.b32.i2p
3332,avviiexdngd32ccoy4kuckvc3mkf53ycvzbz6vz75vzhv4tbpk5a.b32.i2p
3344,3gvn4kwd7z74jxc2sn4ucx52dpvpscxbzjluux3ul4t3eu5g64xq.b32.i2p
3374,ivqynpfwxzl746gxf376lxqvgktql2lqshzwnwjk2twut6xq7xta.b32.i2p
3378,i4j37hcmfssokfb6w3npup77v6v4awdxzxa65ranu34urjs4cota.b32.i2p
3465,zzz.i2p
3519,yeyar743vuwmm6fpgf3x6bzmj7fxb5uxhuoxx4ea76wqssdi4f3q.b32.i2p
3538,s5ynkgagndmpxpf2kmnenv4x72io664gzd2x3qef54ilammnte3q.b32.i2p
3548,giqnkltyugfmsb4ot5ywpvf3ievuswfurk6bjie4hxi2hh2axajq.b32.i2p
3553,q2a7tqlyddbyhxhtuia4bmtqpohpp266wsnrkm6cgoahdqrjo3ra.b32.i2p
3563,csen43keji3qiw6uobsgzysxyjd225g6446ylq5uuz6ur2glkzaa.b32.i2p
3605,3mvo5eifcwplcsoubtvqkzdahwo2sdhfygfdde7lj2glybk4q22q.b32.i2p
3621,7ko27dxvicr2sezvykkrfiktlghx5y5onup3f2bas5ipocy6ibvq.b32.i2p
3643,syndie-project.i2p
3649,j2xorlcb3qxubnthzqu7lt4fvxqn63it4ikwmze55yjkzeeampuq.b32.i2p
3669,ty7bt62rw5ryvk44dd3v5sua6c7wnbpxxqb6v4dohajmwmezi7va.b32.i2p
3718,inr.i2p
3749,prmbv3xm63ksoetnhbzqg4nzu2lhqdnqytgsydb7u3quxfrg7rna.b32.i2p
3751,sjwueu62qpe6dtv5b322k3f23fl4uz3w6qe6wcrwauiwpnymypfq.b32.i2p
3764,nmi3loretkk4zbili32t2e5wyznwoxcsgzmd2z4ll3msgndyqpfa.b32.i2p
3804,m4f4k3eeaj7otbc254ccj7d5hivguqgnohwelkibr4ddk43qhywa.b32.i2p
3844,kj2kbzt27naifij4ki6bklsa2qfewxnkzbkgvximr4ecm7y4ojdq.b32.i2p
3922,n4xen5sohufgjhv327ex4qra77f4tpqohlcyoa3atoboknzqazeq.b32.i2p
3939,22vborye77lnkmjdj2j7pa6ehp3tu5piry6bnafmm557ragu6uoa.b32.i2p
3947,2q7grzfek32egcqenocjq23g66svakbf3egnvt6u4csg265ufywa.b32.i2p
4042,cp7sbzvmkib5wd6k243t6mxt6do77pwhx6zalnhc54sxlmqty4vq.b32.i2p
4044,cxanwypefoxnsjwq2j3vc4kbmnenqekjltsbaq2hflo63qder2uq.b32.i2p
4053,doggw2kvmmzbdijzf43jnvx4jbnp2vuud32viglqrhgfjhzolkea.b32.i2p
4137,jvigxeqzaqqtiyeukfj7k3ctmsqdstsff4xmgtxqwuotfkjqgmtq.b32.i2p
4299,tvv4qootz6umqvpdxwxzdiviyk7a4dofkztqkqdb2tdsvegrqm2a.b32.i2p
4302,uda2rkhskjdb4w7xiftz3btfpl7bhxsy5gwpiiiongte4gulbuza.b32.i2p
4466,oaty7elf6quw7mc2bgdv7dp5vc26ubjh2kzsrv6wfym2sursxkpq.b32.i2p
4495,mpqcgeuvpky3utzkplrjl3iyp56fdrscbx72xu5syzkmvxpgtstq.b32.i2p
4507,27bjm54xujalpbq2t5fujpj2c3sbbwsdylcdybfajjfgnq6q422q.b32.i2p
4543,3izbf3qznoyo4dk2dejdk2p5ox4l5qwpqq5q2m32f6fx4khwygza.b32.i2p
4545,3jvbwc7sy4lnhj25nj7yepx7omli4ulqirnawv3mz6qlhgokjgzq.b32.i2p
4569,4i6x24q4rht66tj2kpjfhrflsnt3yxvjiys7hrkq7ngo3cnny5kq.b32.i2p
4574,4nnq4fdckyn5ukzan2cdnyquxgppl4etzgeljsv6ptamwecyfxfa.b32.i2p
4616,6re4mttefoo7wbyz4igkvbypqf6embinvlhzs2nji7mbb4rls6fq.b32.i2p
4664,avl2n23ukdvucdk5upvrpgopfkdwt3heakjirgqzt536qe3wqttq.b32.i2p
4694,bxgqwfsnr3bgnr6adn62anjcin5nuthqglotb3wn3dgynsfofeva.b32.i2p
4709,cdv6cjbiaplatrtofu4wv3rggnqwmkvwy2wsrohtlg4tyloui2cq.b32.i2p
4753,do7r5jvq5rj3yzgvst6xqyawj4fohjnyq6tiwohkmbngbxum7fea.b32.i2p
4759,dzjzoefy7fx57h5xkdknikvfv3ckbxu2bx5wryn6taud343g2jma.b32.i2p
4774,eu2luxmtdax3udjlfwjux2p3xcukk225va5m2g3gd6lyqbjxdv4q.b32.i2p
4822,gtigajpl3dg7ux3hngimukqb6ygf6jlnu5rv5snmjdit5skkls2q.b32.i2p
4840,hkttp5yfsmmmtsgynadotlk6t3ppsuaj274jzipj4fe7cko3whza.b32.i2p
4874,iqwixx4vukgsjjdcjr7ipon2nvnib3nhvtpjyf4vmizdrf4wseja.b32.i2p
4879,j4layma3akpqdhjygbvu2vdpdwxc4fvwvb4ng6j5j2oghwk2eiua.b32.i2p
4950,lepah55qyp2fhuwxlz7bwrhzckn4gkuofivnofoeuyfpmke5x2hq.b32.i2p
4956,lnj22ctoe2a3tljzcv5g755e62ymyj2muaxm6tg4msocsaff7epq.b32.i2p
4987,n26aut7465pd46bnfnldwvznv4am5zd4gmh2asn5k45xkmesqetq.b32.i2p
5010,oartgetziabrdemxctowp7bbeggc7ktmj7tr4qgk5y5jcz4prbtq.b32.i2p
5024,oxj3rirdwqjyv6ly26aydmrfjmbnqhzg4uppm2x6rrvknvwzgl3q.b32.i2p
5033,pds246heu42hlydlihdmz7pyusjjz2oudeahwwhbe7hr6y246pja.b32.i2p
5131,suzp44odgixf5lthy5ngy6ktabus5gz47squie2shudi6kmlwuaq.b32.i2p
5175,uw2yt6njjl676fupd72hiezwmd4ouuywowrph6fvhkzhlnvp7jwa.b32.i2p
5187,vffax5jzewwv6pfim55hvhqyynafkygdalvzoqd74lkib3hla3ta.b32.i2p
5203,vydbychnep3mzkzhg43ptewp242issy47whamfbxodc4ma6wc63a.b32.i2p
5249,xzgiczozlhevtis6vddspsyz57ox56jvlsbtonhjx7jmbz2ptd6q.b32.i2p
5251,y45f23mb2apgywmftrjmfg35oynzfwjed7rxs2mh76pbdeh4fatq.b32.i2p
5273,z3xmunpknnetfm7okrjyta2j4h5c7cpd4ns355zrt4f3panhicsa.b32.i2p
5421,7ojpldwxbbakyi5wbjhmcg6fkhzqi7idoxtvkzpnbam324ljc25a.b32.i2p
5465,bnsnxd7l24qeakiv5s5jdw2c5tq446boh6dcagk7rqvgfbcdyima.b32.i2p
5490,cuss2sgthm5wfipnnztrjdvtaczb22hnmr2ohnaqqqz3jf6ubf3a.b32.i2p
5523,eotyiq4gvsviwak4pcj5wxlycregs27cftvjftjgtnmmczw4jziq.b32.i2p
5560,gccbi5l6tqtsi7qjoxk3tvj2z2bhyndkgko5o4yuzf6ldf3iissa.b32.i2p
5640,jtisgu4b3ilalihsxcszcl4rls7ad5znzcsaw5nt3qavtghfgbaa.b32.i2p
5652,k4icuorgtmobxekbtfhpxpls5itcnsgiuspsi7rjcm6oex3h6qeq.b32.i2p
5667,kxcyhuzgp2wlxz4sczyzgoj7vkoaopl3a5tyb644rtexcjjky43a.b32.i2p
5668,kyoh76t2zk336o4psfdqkjhg72bn4ue2uwhc7hsqeojq25hkiooq.b32.i2p
5703,mjb6mlux7tacjmwjqaa76vntvfgophnlas22fvswmwe43dlianbq.b32.i2p
5709,mwfpkdmjur5ytq4og36ym3ychinv36b2a57f4rmgqmtrwepq3fva.b32.i2p
5712,mxbgyvdgjqbkwf7yrmu7nuaft4kin36ij7lnq5v6bvnpqa2gorga.b32.i2p
5718,nczi56dkxecwdzzxleoby3uwnxtp7nuyiclc5nszeqoyglkznwuq.b32.i2p
5725,nqpucukxtqjbyp6pnjl2mokoppwuiian74cvvrowttudjnnhp7kq.b32.i2p
5731,nyccgjh5cjapsf7frrhxqw73gb5hxj2ucau72ztn2oenxwetxr5q.b32.i2p
5773,qa5qxgica62szhwbuhuviq3xsgfgvu24ykw52446fq2b6sesriuq.b32.i2p
5778,qiplst7fpuj7ky647ckqjuixfvp4kpo5nc7bhjpfnvwb2no2slya.b32.i2p
5875,umhmxbo6w4z6kozx7pjm4dayro5blyw6dpieofq4wxl2lqvwu5sq.b32.i2p
5885,vhbrky2o6wdwigul3kr2i6y2mpd7wbks6flofc5qg2kihtmhrypa.b32.i2p
5942,xs6lr2g5jiaajtb3nkno2zmy34eipitrggooxb7wtey7uko7bqmq.b32.i2p
5949,y4muvhvnu44fqisqfcxgex47d2i65sfxubf3ezsvnwv2w25tf6na.b32.i2p
5975,zfuwyx6nzzdvwlpn6qmyrraxdln5eg4ciixky6ea4uqe4oya3ctq.b32.i2p
6036,eoilbrgyaiikxzdtmk2zeoalteupjrvcu3ui23p4wvfqo25bb73q.b32.i2p
6038,6zlio2ipbnmir26nrspdbt4cqnhu52ekw2gw6kfca4p77tdtsmja.b32.i2p
6039,gd7qe2pu2jwqabz4zcf3wwablrzym7p6qswczoapkm5oa5ouuaua.b32.i2p
6040,ir6hzi66izmvqx3usjl6br3nndkpazonlckrzt3gtltqcy5ralyq.b32.i2p
6041,uvpczf5ljaptviombwxi6vmqxpzh6zpthyhvczzp57ihwfzrxnhq.b32.i2p
6042,o46lsq4u7udxg3qqlidrmpj4lb4nr7ldxmbb2x53nftndaeyxqeq.b32.i2p
6043,pypz7ca24n3lyp4tm3kvncg3ltp3gd5pgnacc6zltoeffiyyegda.b32.i2p
6044,u5safmawcxj5vlrdtqrsqbsndkr5cfenpicgg5euu4xqm73yicba.b32.i2p
6045,kmpmk2fmineaiwublteqlifg4fkmewnhmxqlcgg7qwecz6daj43a.b32.i2p
6049,omax2s5n4mzvymidpuxp2yqknf23asvu54uon6cxl6gdrlblnuiq.b32.i2p
6050,ou7g64d5in4sugv5fgmmzwnunuw5hloixio7puthmrvrkwrp6egq.b32.i2p
6051,bvpy6xf6ivyws6mshhqmdmr36pruh2hvoceznzeag52mpu647nzq.b32.i2p
6054,djpn5cbcgmpumwcriuzqistbae66txca2j4apjd2xesfgb7r5zmq.b32.i2p
6056,j5i2tfumh3ti5sdtafwzzbpupmlcbg5drysfay2kxbdpsaljrosa.b32.i2p
6058,v2stz6bsot7sbjzix5tky5dm5ej7gidmjnkvzqjju5xvz5sz6fwa.b32.i2p
6059,abzmusjcm3p3llj4z7b5kkkexpsxcnsylikokouk5txfim3evqua.b32.i2p
6061,gwqdodo2stgwgwusekxpkh3hbtph5jjc3kovmov2e2fbfdxg3woq.b32.i2p
6063,gzrjm62ektpqjfsem3r3kwvg6zpjvvhvpjvwfxkm2ay4zu7sp6oq.b32.i2p
6066,v65p4czypwxrn35zlrfkar2w77vr42acd7gbszegsrqq4u7sip5a.b32.i2p
6068,5wiyndm44bysev22kxvczxt37p6o6qroiqykytrvn2yzi55aqfxq.b32.i2p
6070,jnpykdpp46zenz4p64eb3opadl5g42dls3rurk2cvq6a3g3rvbvq.b32.i2p
6072,isoxvnflrdn7cm76yjlfg5tbcugoito2hur7eidbqmo33xmwz5ga.b32.i2p
6074,knjkodsakcxihwk5w5new76hibywia5zqcgoqgjttzsausnd22oa.b32.i2p
6076,3xqs2da7pnsqzmxqudsiq26vu6fcmd4ok7nsdytwyovz6omrggla.b32.i2p
6078,jpv23ou4splo2yd7pqj23s7gyc746bmnubejevokt6nd4sckxdoa.b32.i2p
6080,ucsr3eveuc4mx5y6gxnoaywd4ojvbel5q3ynns6s5yfw3vusmfva.b32.i2p
6082,x5oovnhnuli5fnwtgkbd5z5jvrvdvprqyuofywx6uoxkk4bie6ya.b32.i2p
6086,65tnauyus3odr47c7tyaoo35fxymruzqldfxkq2pu57vtccyxvhq.b32.i2p
6088,vodkv54jaetjw7q2t2iethc4cbi4gjdrmw2ovfmr43mcybt7ekxa.b32.i2p
6089,vathk2pyvaskeie63yyg4tshjkx5xt6zfvhwhgr3de67q46ob3sa.b32.i2p
6091,mqamk4cfykdvhw5kjez2gnvse56gmnqxn7vkvvbuor4k4j2lbbnq.b32.i2p
6094,z55khrnlj6bzhs5zielutm6ae6t2bbhfuiujwlrp3teubqyc4w7q.b32.i2p
6098,statoneu43konjhym7ypjblnjesfd7oun2zdnlcnl2pl5fltygra.b32.i2p
6100,ud3gcmvysjch4lbjr2khmhqpf7r2x5if4q43xkqdptl4k7lc4muq.b32.i2p
6101,vwrl2qmcif722fdkn3ldxcgz76df5cq4qypbndzthxwgmykyewta.b32.i2p
6103,h77hk3pr622mx5c6qmybvbtrdo5la7pxo6my4kzr47x2mlpnvm2a.b32.i2p
6105,q6rve733tvhgyys57jfw4fymqf3xsnza6dqailcdjcq7w4fa5m3a.b32.i2p
6107,re6cgwg2yrkgaixlqvt5ufajbb3w42fsldlq7k5brpvnd5gp6x5a.b32.i2p
6108,sqpxarqcgkozjywghangtvbc5a3ugklffs625elbz73h55ywyhsq.b32.i2p
6120,37v2wqt3x2d2s54ezo546nkcevfo7jwvqrhrtmgbzfpsr2hyt5nq.b32.i2p
6124,c3r6by4k4kzbx7yvq36u5rieuymshuq2pebo3dzs6oovpzn52uoa.b32.i2p
6132,kqypgjpjwrphnzebod5ev3ts2vtii6e5tntrg4rnfijqc7rypldq.b32.i2p
6165,whnxvjwjhzsske5yevyokhskllvtisv5ueokw6yvh6t7zqrpra2q.b32.i2p
6179,bwxry5alzx5ihgrd3glah4eotddblzhalvpheppnw4zcajzqoora.b32.i2p
6182,o35ut7hgywy35okvgkjkv3ufzv2ejv4luap4oytwbyy2jqy6u4vq.b32.i2p
6185,tr7ffmkmr6fcope2pix2xokl6ak4ricryvcbf6yaz4gvku4filzq.b32.i2p
6187,qktkxwawgixrm5lzofnj5n24zspbnzxy4pvjm7uvaxvmgwrsuvgq.b32.i2p
6189,u6pciacxnpbsq7nwc3tgutywochfd6aysgayijr7jxzoysgxklvq.b32.i2p
6191,lhbd7ojcaiofbfku7ixh47qj537g572zmhdc4oilvugzxdpdghua.b32.i2p
6251,xdcbe76koecljewojmngolflfze7yo3jmv5ufmbiyoaqy3cex3ea.b32.i2p
6319,awlfl4k62ffvrj3lhwyhwul4iiky2hurqvobnsnfl2nfymrwfdqa.b32.i2p
6345,r3baruvlqqioeyrxgu3lmx2jq4234yn5tqm2ff5gveeukhcbr7dq.b32.i2p
6418,pzzfzywclgssaf7pnuj7s6uimnnpwjgfxdhmoexvdn55z2mpbnsq.b32.i2p
6502,4gzcllfxktrqzv3uys5k4vgkzbth4gqednwhfpt755yivm3davuq.b32.i2p
6559,fb35ptrohwdwuywzvrw7sdtmakcaaknbqp2cxybpj5llvihxx63q.b32.i2p
6624,tmipbl5d7ctnz3cib4yd2yivlrssrtpmuuzyqdpqkelzmnqllhda.b32.i2p
6626,qkk2dqx6nocycgt3vinsoc76cxkb4jreybcpgz3fcps2dbe4rowq.b32.i2p
6634,ux6prousphswf56bym7yo7kst4ybh45y2z2wrnw7dujmrz56hq4q.b32.i2p
6641,sbnoqznp5yzxals3vs6nzyqaj2fetvonys4e3b3x4ktmfeus54sa.b32.i2p
6648,3fjk4nfk3mccch4hdreghnyijcvovsi3yucjz3qzj5sxngqk5j6q.b32.i2p
6650,z5mt5rvnanlex6r3x3jnjhzzfqpv36r4ylesynigytegjmebauba.b32.i2p
6652,yhs7tsjeznxdenmdho5gjmk755wtredfzipb5t272oi5otipfkoa.b32.i2p
6659,fe6pk5sibhkr64veqxkfochdfptehyxrrbs3edwjs5ckjbjn4bna.b32.i2p
6662,bf6ixuhfjftzk5hhag3etgwdchyvmwtnzp7ekx63nhfjmuuyql5a.b32.i2p
6740,rlp3dn7nsioirhv3ij6rmmyemz2bzqvxewzwqgqkhvpy3a5b47dq.b32.i2p
6807,qgxfz4tm3nbgso4ixwqswwn473c7nympudutdg4plt35b5jmplja.b32.i2p
6854,gpduy73rtngkzr6c2df76n3x45rud2xm7xnrasr5qracvlnusthq.b32.i2p
7335,krajsjxir3que26l5nfydhkykkz7lzrgzw5mfg4hfulnxbugl6yq.b32.i2p
7390,bmtuitygmdsggzwrjiit33ciw4erymkqumbstrd4smwowuqu6bra.b32.i2p
7550,simtvfpbtzi4xi427zstxg6isyfwmafmpaoqyl4ckito3r5v3oaa.b32.i2p
7603,l3ohmm4ccxvyuxuajeaddiptci5lsrnxtvtyq7iohphrt3oj2evq.b32.i2p
7701,vbhhxkyznbqvmql6w62nc3hqcolmgxzhwuov3g7s6ckugjtgftra.b32.i2p
7717,hoof4if7k25sad4lfc6hnez4xdsdel6cvtji3nja5yzeyxxgq4wq.b32.i2p
7746,6rh4kieg6bg6p6wctxdvcxpt3y6nluprnnp3sj7x5mx3kkibwvzq.b32.i2p
7827,jphzbflb2i5zta6qykzdbewr6qcou2nyuqd5wkqk2luhfvuixwfq.b32.i2p
7914,upcqkpglxz5cwwcp76rfigw6vscoao5qjkpeyvseb243bzb4clea.b32.i2p
8004,v4cdacvynsqiipclbeufezqqaouuiq6fgqxfe7ooracv2omtujya.b32.i2p
8283,pqiur6srlfszrl342x5q2as6lppvj3gwohfb7dcshd6l3lc7dyuq.b32.i2p
8287,lnfw6p3bsap3jednozdmirfkisn6zjxse25avssifaqqjecpwmzq.b32.i2p
8455,k5smgpbm2riltsvebjjdkgrv7cmgglkxlz2jj2d7zwsvoyp3jlna.b32.i2p
8673,a2scycwwtnwcvakpqs5uxz347eanqgqxvdoj6reucu2xoq7lamaq.b32.i2p
8707,bj57wglqy23ynnmwue6c52tf4jvlgh6m7ztzwjyjhrju4o6m4dha.b32.i2p
8727,wvup5klmiv5mam55jmwoaae3oaf3tjv6gbnm472fp7f7x3idx7ia.b32.i2p
8915,efqiaqrzhvw3jkjy6tynfqyinxmihzgmdl67brnk2t5amowiizaa.b32.i2p
8953,dn3tvalnjz432qkqsvpfdqrwpqkw3ye4n4i2uyfr4jexvo3sp5ka.b32.i2p
9169,w5yxooauc7psl3mfmdd566u74mc74mbxvkbmqhovopfbrddocdfa.b32.i2p
9303,z7kw4nhoorv47jewfpvok6pi3c37543chhx2vw3uayjkpthdppxa.b32.i2p
9312,hpsjxql5eltjz5okflu4em2hzbf6bxjdz6wud56kdr57fktieexq.b32.i2p
9362,7iaarlalctluvr32uj5f57an67ilibem6dulbscokbvt4spsipmq.b32.i2p
9491,thfxgamvwq25pc6aeff6gzjfaj5fj4eodmgkz3mnkoftapzcakjq.b32.i2p
9643,3irnooyt5spqiem66upksabez4f3yyrvvjwkmwyzlbealg64mgxa.b32.i2p
9811,5xk65agt7223u6op7zkbrxjmedzyqhmugpckhwzk7byczdpo26gq.b32.i2p
9945,aqv4cc6brpbrxzuyuxdjjhboutsfosjsh63m2dzvhor7i7ofckwq.b32.i2p
9992,sdmhoshd5zmcsiigm2cpr4zxvbpcrhfuaevvo5q3ltxbfw6ng2wa.b32.i2p
10068,cbyilxpjgecj442rns2ss77pjhmrbif6pwuxrf7udwmr6qrr7f7a.b32.i2p
10086,2muyhfw2w35bz63ipdfmceyhgqauytvq4zix7potqjh5wr77gpoa.b32.i2p
10167,gjd54vyxuvx2epu3eqpo3q3at7u3keqp45mmwzqxhv4cenranopa.b32.i2p
10211,abhty5xlmnyab2kqdxcd56352kcescxoux3p6dbqdrghggyygnxa.b32.i2p
10255,jja5psjspm4stdvexzu6o4ptryct2e4fxhyvoyt6vojrfewa6n4q.b32.i2p
10276,2ig3hsalfbjlpd2qmgwq5ehmar7wmitjdnw5q7e72lscd2e5hfna.b32.i2p
10300,bjqvh4gabpabnqojatjfni5pz6xpj3lpexylpejryfavd23scgvq.b32.i2p
10317,dpfckvgbsyv4gjlm3xbrqo4sg2ycs5oqpzdpdev47hxo5hx7dlhq.b32.i2p
10320,cfc45v33jfwepbef7aqdehx6cgmtdbkjrvbmznaovnasxizmh3ha.b32.i2p
10392,5t66xdtonvzibpjsi2plzabgqtemyw42xblyuksucz7gpgapuslq.b32.i2p
10447,ol66jdeplnsgd2ps2wexdemhhwmo7iztpnafruzk3bwfmvocibqq.b32.i2p
10457,7uornyvrhlj4732hopta7w753n2me2qhwznhomkytqkxux6risja.b32.i2p
10521,sh7j37aozxfpl3sjmkem44bmynl6nd7kdljhgfdgcd37lwixu3xq.b32.i2p
10569,xfxbm7iuagoos3i4mk7rtygqsjq6aod6ywtlfqveqybg4xzpea2a.b32.i2p
10576,2pei6r2naufy54vby3iqyezyqdebvphe2kf3sklvuhhj5id7h5lq.b32.i2p
10668,a2lnpfsrhy5d3yky6xsut6gj6j76vn3lsy7kvabvedtu2d37s65q.b32.i2p
10670,dor6hyl5ytkxp5enznswzhselktvb2he3p5tlwckggtdb5dn2wqq.b32.i2p
10750,z24q7x6alas4a7mbytbe2rnpbnsezlw5rsalc3kg3dtpmbdn434a.b32.i2p
10759,bkf2zg3x5grgr2l4wjcvrrzbzdao6qxbiahk2vmdhq4pcj3qh6qq.b32.i2p
10799,i6wt2v4k772ozapvukefp4mblfqt4teu3nntxthgi6u4gtg6bxoq.b32.i2p
10907,5j33ghowqlw7oueyerw7jwnl3y6ommzpdmd4yyjgx4s4eosroxuq.b32.i2p
10923,tchksgwhrcbdbk6ixkbez4gnl74vyssdns7p7434dsmxdbrauq6q.b32.i2p
10958,g5qiro6vwcgdwfployvekbimbc5zdngzigcojg6euyw2twm5vbzq.b32.i2p
10961,7gm5wvd5rhgz7epdbgckd7u44xp2mnvyelgpeq22xy7vztedfoma.b32.i2p
11015,r6m7cy2ifxea54porru45lk7rx654nbtyye5jf4nypr6chadds3q.b32.i2p
11221,bncplydcpqobhxfux4iugosuasn7kbvmx7bdd5erno2cpfqb6h4q.b32.i2p
11430,lwb2d2356hxxq2rbbudiem2twd5slhc7onfg6ramuciz3mwgvvha.b32.i2p
11569,gcqohmcgbq3naq5fxen6rhrlmszaprbb7yfsdkqkidxi3r6huw3q.b32.i2p
11608,ex3qlngs2wimo5fqjwtw2cy6knbi3d4dpkgjcy4j5fe26usxidyq.b32.i2p
11620,7twpxp2kpb5lkkowtmxb4idqujdt6zaqgjmnbwwl6bro2vhj2hka.b32.i2p
11708,etqgoandbmmndmn4lu7f3bbvg6liho3gqjcapanyuddvcpog4rea.b32.i2p
11861,yx4ovigcmd6skxucu57z6oglxbqryi44m3ixbangjaazacl5vmva.b32.i2p
11876,a6qk7fwhkq3zfddxdhcr55iy2xty4kjxqsopqtixodyjm7hhn6lq.b32.i2p
12020,wcxk2bi2c5sulazxxuxxhnr45llsiysd376tto2xhrnzcnsliaiq.b32.i2p
12036,yedqsukujgimapdmta5dwq4tpn4ceyrybg3wf2ma7qr5dobokjfq.b32.i2p
12430,k2rdpaytpa2uafz3y4csvteey3rd6exmalgzvkkhtdia4p3untjq.b32.i2p
12825,rhjvshc26hv5jpbzo5rdvefnxavvqnfcuntcibnjr2s727ljm6eq.b32.i2p
13075,4eardbmosscwbxhdt2caqclcttbpznor7lq4vc7quqatheh4ixvq.b32.i2p
13217,eext5djtmkssf3va5aaovuka65aikq6h4ran626fua63sslxkywq.b32.i2p
13309,mzhiyjysfxiagrup6xgds4ebgginghnxryxzsa7fh4mjvmqcbc3a.b32.i2p
13332,tx5erhwh4inxu7zepn36cjsd3wbuz6sdhmprlwzdzupe6kjiraia.b32.i2p
13381,qdnw3ql3ohb34navyacczi5k5mparo7wxrz4ubpbl7mtz7f4tooq.b32.i2p
13389,kqsbclqlgctuqjgkavrcmnmt5vwiwrlcr22qx5qifbvu2bwam7za.b32.i2p
13460,ato242wckzs4eaawlr5matzxudt6t5enw73e4p6r3wajwkxsm3za.b32.i2p
13575,3crkyvdblwb36t2thnyse4j4r4zoprfbncqrky4l7ejcs7p5jodq.b32.i2p
13635,yqefnttutbwydoxcbyuap7zsgoexdegrbc5jugx2w75yjyixdama.b32.i2p
13689,gj5noqgqvmb5izfibck6tv54esqdfdie27evx4mmn75bshrvuscq.b32.i2p
13815,nibpt7o43ipexw2aam2ujjkzlablkn22qzcdvxhuynlye5gry3lq.b32.i2p
13847,ht5a4m6bfq7ojkngnpprpnlapffrdn674nbgm4py532ozr6qykwa.b32.i2p
14014,oo76n6kdrk2kq7yxwp3t5lo3jnripxljetnn5mjh33g7hb2j3nba.b32.i2p
14074,5ygj4xgeex37k6lxuo7noenaqiylxk7ihtfm7zx7ebejlpwgmvzq.b32.i2p
14112,5ts4hged52ehos3msfujdgehlu4axydbonbqcy75qo3rwztugqyq.b32.i2p
14131,e3jsr7bp3llq44rlbymkwrlezq4nswv7x2hdohpccsjoub5yynzq.b32.i2p
14271,j44vpgg74wk55tyord65h3qttwl4ly3q7uvygoish4z7yjjvxyya.b32.i2p
14300,agzjn77tp5utnkrnnoi3crf7ugjzpvhme2mmtmn3wmka4gm72qoa.b32.i2p
14437,dehmidx2in24eifao4h3lrxdszbxdchcgafqklbtmjpo5aazvowq.b32.i2p
14625,lcxegp6ydd2j3cz3hnw4se3n4n3eoznvzj65uqkyqqhxskhqvrfa.b32.i2p
14933,mvp2ueujoqjrbiw2uqlc2e5ikuhoujksfq2nhiqdgreprwbv3hea.b32.i2p
15092,bcdxkhp5tq2kw4kzumn4yocblarqyqlrlswt7f7ynjwqy6y2x7cq.b32.i2p
15126,yk6qmz53f3gtobymjwk2n5ja7avshv75brs7kdcpzlasgpvmiaia.b32.i2p
15514,e2edv2paumlwwtqq2zvbgkuaw4vmvbmrecjguw7r55c5anpufnlq.b32.i2p
15585,wipedvspi755caxyqcbbmpb4ziqt2h4g6gslygdofdk7p5sv4mha.b32.i2p
15626,5nx5neablwd6nkfuatfalo4e7bedvf2u7gixwqz2okazx52mlxvq.b32.i2p
15687,z5ugarjkwk7bgxo6nmswd7plmohuzrcgpk2fuy44ks3drj6sd42q.b32.i2p
15692,kbfvhv7vrvkabwbrebtdqq3w6vhcsz5qg4fyd2cao2u27yui45ja.b32.i2p
15786,2gdiuf62gzjtly35253i4dprik7uoze5mjnupvhq74malzm5djma.b32.i2p
15790,3tsnic66q3iz4hvgvcpugtzy3lobdqjnnh3affu3wnqrwinharrq.b32.i2p
15901,xzdhmsewrhmjqpf5djuhm7cxfohzjqwcs5ur6qb7mtj3uyhtzjja.b32.i2p
15927,s5b7l3hzs3ea535vqc5qe2ufnutyxzd63ke5hdvnhz24ltp3pjla.b32.i2p
15932,4dtmst57pvlci4om7s4d44cvojj6lfaue5r64au7vkkeyupotepq.b32.i2p
15981,kswi6z7zbrfd2umrhi2s46zfdwk4ytkwevuojqbooadzg3dunsga.b32.i2p
16022,ehqs3q5cywenicdauytjxuoovkquojzbkb6tufgvizs4irb33mlq.b32.i2p
16110,tuzlycx4hi3dsv2xst5wegise3dx4t522foyms43aohjusjpg74q.b32.i2p
16185,jg3vchryfuxnmhj3sj2elcnvlgpjw5lkkxjbduucqvbmhs6akqoq.b32.i2p
16221,5ypxuqf2ufqdsf3ejv5xwrgwatjxf2uw7tyxz2av44pka4w3pvza.b32.i2p
16578,w6sq7hnuqz66r4de7bpmaza2fil2ilau3khivirkkur7gcbx4dwa.b32.i2p
16704,qekhzdwk6liytakhzrup5eemiavyl24pnrkbocg2marfzv4qyhwa.b32.i2p
16860,cl3j2zxhpw6u6jevny45i557ojhwfxn4g375nnuqhy6lp27mry2q.b32.i2p
16983,7ts6g5c7jbddp23iycfmvv43sjorludqy2ldrzuhufp64hbzsxwq.b32.i2p
17059,onh62ijqpgq3pr6wuzhbl7yc4iqlpafj2zkxgcnlq77ynepa4wjq.b32.i2p
17125,qx2x3y66begiyc4s5urrhbj4olciy3b5eum3h5d4324vi4patnaa.b32.i2p
17196,qqcjvy47jrtin6v4cws5zan7wafaljmzjubtyprwjk4iqv4d4igq.b32.i2p
17262,idjg4ns25ye3zazlnyhbrsz563bkcs5w6ambr65ld6s2q5ymbrya.b32.i2p
17406,sxjuy34ptfdsbnljau7mqa6zf7ki2ci3gwo4hadej33l4lr4ntwa.b32.i2p
17470,hq7dmpb5czepu36t4zzqvfiudlwok4c255t4nexadkdiugx3r2tq.b32.i2p
17476,pfqln56nficmc62edkdmri6vw57o2aw2e7zfziqecbn347b3ktoq.b32.i2p
17737,6e4jlw7dnm5mmp7x2m3gvlhobygk2lg6kveeav4fsh3talpphfta.b32.i2p
17794,cwdgiq2isovdxxa2pvnuxnykctkb2tzxmlkeyzydibygsp3nq3kq.b32.i2p
18006,z5fbuhmuyytymqpd2hh4riycm2nqqku75p3d245n4tbdnnnsppuq.b32.i2p
18063,wrr4iylpywnnhas4lcxnaqzsww2ul67n7rznre24gq5ec663fdzq.b32.i2p
18218,mx5vyoqhg77yuhthwznsxrepjsemq4uwitx4lxdzetk36ryl5rla.b32.i2p
18250,upuchnpvp5xhemocx5fzf3imsdhnmwqku7wlv7z6d5sf24pbp7ga.b32.i2p
18264,tgtphg4wsipkb4r2hdzefhjbe2xgplqjnlad2dsudbz6awwibtuq.b32.i2p
18560,zsb23qlrhmincko4esgg557iuahgxuaclbhaqiekf4432kth6fda.b32.i2p
18604,jvn6uw4n5lhvi25qmybhsxpxpxwc7iqw6isqdouwujof6bdsrkva.b32.i2p
18681,jriljlhrzwqftrqwdrxi3g42b26pn6qun4lflfocc4txsieed32a.b32.i2p
18800,fdryqr2jiuhjmvfhdarwdra4tbitxp5m4v6twl7mnsaanggx3sgq.b32.i2p
18892,tjeoemradehoss4o4mw36ytolmvyp6avy7rfos7awcadblbsj4gq.b32.i2p
18936,ywxo662ywusjpuy3ikfkpbzessoqzpo3zvykpgmc2kiajkpo3qhq.b32.i2p
18966,5qjtxx76fe4rjayrvcm5kkyc4klrfibnemipuw7kzkrhiwrkc3aq.b32.i2p
19043,iox4yadlg45c7ufx7325vdf4ftvqtvxakzmwq3lpdtrnmprn6ooa.b32.i2p
19203,ce6l44q65stv2r6uww6lbwzln7yixziia7izwpsezhengp7h37yq.b32.i2p
19260,nq5ivptsnoyknndhr6ixgmle5prj2yohxvoiw3ym7ss6ryo62gqq.b32.i2p
19495,gz4tgsdwxseit222ubassq4nvhb32aimdo7yxoka7xgjpq3asyya.b32.i2p
19525,a7c5a6eqtzexsev7h5joxvuln3klaxiwkv4iuxtp3mlndk6dvoua.b32.i2p
19586,uvl7p2u4kxoo3nqov5ll3oujyvy4qxaxjhc5qidfsayaxzpwysrq.b32.i2p
19705,tjtcervddo6xi2krj76kvnxg3vsgyteuf4avwjy5mho6bqltv7dq.b32.i2p
19719,53cbxvlzyh36mzdx6kfz5qwoo7w6cn5cc4oj36wtnwq2xnwjhvzq.b32.i2p
19732,ah3mshdhkvp64y7nd4rwhvcxel2mjkgirixfyji6s7zykz2qir5a.b32.i2p
19767,vthumgmniwvac2wcrjui2heaxpb7cuty46ovt4mvf5ontwusfima.b32.i2p
19826,inlnirb6yg4ueeqd6cypn45wf6wd34hkjjeq23mqkkfgocqdu75a.b32.i2p
19834,4vvsv7x2zurmhr3kinlzda2a3cb7jk6l22vmjp7vfl4cuv5awc4a.b32.i2p
19967,ui6vb2oubjxeljsyfbp6git6ckhdtukd6ewwl5pgjztplw4pweba.b32.i2p
20064,is4uxg6fgruhaxcq2faaz3ctp42rq625s5pq54vc4hnucb7kjw5a.b32.i2p
20143,fbdd4syj2v52x5zord67av2xclmjsg6bc6xdvrqmvqkyd3whij6q.b32.i2p
20155,axwknmcekztfi6g6pkslklk27yfhfeecaqntdv5w5lwrnevvpkeq.b32.i2p
20307,53wbvlmem4aet4d4kfr4me7m42mcusdkigwq5z44eja7aquz3t2q.b32.i2p
20527,gikel7acawmi6cpk7bfkbtivqqu4khqflzizybhtu73rpt54kw2a.b32.i2p
20572,qizvxb6uovc2vjy4l7fofpchi6e67s3ugxln5pqupxjezh7jvrvq.b32.i2p
20708,n73wayfcdgcw7rz254uzjtgnltd7r3xelakbhzrvtfozhjf2xuma.b32.i2p
20819,2jj2ikxixz372qzxcdmgkwpzu6kek3mjsvwtzctdkapacfg2epzq.b32.i2p
20884,ehi53kfgqcphh3mt5azztpra6t76fbbowbphnykrw75srgdfkm7a.b32.i2p
20923,jf564tb44eh7ecfznmqlcuhftsgmpw4llmehnwqhbibwhwuiybqa.b32.i2p
21041,lcqfotdtdph6dy2tumr5zm4i65lxupkock7uaetitlzjc3szayyq.b32.i2p
21067,7etudb75nhe6vxslitptjlwrnbybdshvzxnweuiepsxbbkkxy5ka.b32.i2p
21084,62bm7v3hshk2qmgn7fnbbrcwocouaad3f6excdpk7wkcwsxuju6q.b32.i2p
21171,vlsnlpd4nwegm6hcboivoajffslwobujgwp7nswukb5az5wrhaca.b32.i2p
21229,zjctb457mdmxtvtmjttcfi43lbrjqyhj7micy3kzylezr2jcohgq.b32.i2p
21504,x6qh5wx3ki6leszbfistzfybymnyzxce7usauxqx3hvks6kdm5oq.b32.i2p
21518,cvbpvzs6ug4u5yoa6r6yfcttsvnasa44caxgy3gru55hhtkspd5a.b32.i2p
21617,ixlcgif4z35risyoymaiuwjzjoz5tftyhujevp6uv7pzrd5ibpka.b32.i2p
21764,y4g34g33wqbheu5feteihsfz6dig2dnjrdc3rcs3svpdupdcurka.b32.i2p
21812,2yi26fp3ahwiqf6a7pgpu3eqpx47uk7vcgpqfw6nohhbf33tgsoa.b32.i2p
21876,ttlia6ecurga2tj5ndbmurv2ue4eg56tiwuoyactxlypt7b7cjoq.b32.i2p
22034,hvzhdrlxms2ualor5cn2lxmxrmxfczn7cvulkykwwf263eja3nha.b32.i2p
22040,rgkln4mhdqqjz2t6ibuoskpdlwcc6fjwf3k33jdgmn3qmy4lduea.b32.i2p
22128,dfagnqi2bp7jcuykr5uphcly3zfytpq4wvc2e6natrf5xet554aa.b32.i2p
22254,tv5aglpzyloc3uubcu6vl2nzbfb4n2omapl2cxoebjeua3hgws6a.b32.i2p
22372,vukbphfcowvbrci533ubnx7jrpj5xrtya4djitkzxn335bgw2zrq.b32.i2p
22413,p4ts7qihde35m37rqiqvp6michftwe6hm3fox4mo3qhb3m6hxyvq.b32.i2p
22427,fmfguwuea7ro7dt2kknhmnunzxhiainvesmlpqf6knro2v52e4tq.b32.i2p
22550,mwg5yodojnxwkauyg6yfvow7ljzcrfvymv423qrvoflgfi6ekiza.b32.i2p
22724,glhzmrsbunue37i2xytvyldis2ouaz7kxkfxucykw2yh5ubz6iwq.b32.i2p
22919,a2qqttgpux2aokemxu5xvbi7ncbq7eg4ktja5zvabyf4mwvumdma.b32.i2p
22993,et3ii6cptklldtx4b7fayg4t6lsv2whqpft4wuqadpffq5gdgyza.b32.i2p
23050,3te5c7736wgitdehy7opqwnj2pe2bn77dkyckcm747mz4i2hc7rq.b32.i2p
23073,7bfkujxzo2zfthya45amcnt5hcondxqc7rx2zcrab6fyhgv2ciuq.b32.i2p
23143,655xqquy5zuk3lqv64dikhp2yr7syn53yaplr5fmuoflk3tgiqia.b32.i2p
23161,cvz2d76uniof3fqn53yeukxedvoobwytxh6jqkutjbx6wwopypeq.b32.i2p
23166,muc7qjar2nvhoneo2hz4igs7grbu53bgtimox5xloghjof3cqrca.b32.i2p
23258,au7jhslyt4cxkjp365bvqvend3hhykrrhbohtjqlgoqrlijbezja.b32.i2p
23340,erwxt6266ouazyotvr2tfizq4qdusm47epf3sjm276mddahdthza.b32.i2p
23492,yo43vlllvqh6erhxkebklxwbvvxhhfqvnycdxb6e7k3gypsevojq.b32.i2p
23505,itppvvhuadbo2pa6zqhslmytdpmsmeiiuylvgdanaq465vodcesa.b32.i2p
23515,7mvfp5ryc3b3iq7blxl2a3ofcmsjpo7twofjdzxijys4tdn62bua.b32.i2p
23536,httqdatxk7a24xofrc2pmjjgchxzltih2pjhaznepzebfeqzojwa.b32.i2p
23619,lnmwcbqedc5s4xfyraypau53skqajyrxpqezcjfxj4mzalnr3q2q.b32.i2p
23664,pat4dm55b2fm7h4fx5nd5yknhgtqg3ohh6ntfjv2hk447hcuddkq.b32.i2p
23718,pdzt64jtpddedr4a5wvakj45ehge2y7cboehdsxsa7llv4wggg2a.b32.i2p
23798,7l47qybu6brzvz35osukhav5wzppsc2mx5bnmubndkarz37nc7jq.b32.i2p
23879,aewt5ueothzql733anbqxfxocg3lwf2qq4hmw2stzvwzysdmqb7a.b32.i2p
23973,ibotkmupomhhoihv5trn2wqcyxmx6pxdee7sqbu5gx5vlecy73oq.b32.i2p
24004,3pl2x7okdcy2dvwc24rm4r37xqe7ks3iqm5dzu72i5rk7htb6v5q.b32.i2p
24055,j5l4jf4ddovwfr4geyomkkt3e3nrz3kokjcemby4fcwlt7tf6aaa.b32.i2p
24074,o4w2e5o2o4qag7fofzyl533to4ym2yd3rep5bhwxry5wafvntzlq.b32.i2p
24083,42pcqv4g2on35fuklqki4wf63s2eac3spgv7ksw637yfzp65c2ra.b32.i2p
24106,s6lagaqbn572fvnr7vsxsqwbwxb6m3gr5hu6eetstykdm2opp2ia.b32.i2p
24174,mczwae6m72eiz3yglh67du2vaeylahljy523jz5lsk4c6iy64veq.b32.i2p
24410,sip2anzemf44hmv7o7wvt7ee5jnlahdus73mgc37fhl2u5psrc7q.b32.i2p
24548,z5cgpzw6p37j3mqgaasupc2tgfhvpnkj3am6btche5a7p2nfsnhq.b32.i2p
24737,objjtwm2grit35p4gkuuscvr3bdh5fscmhawujoirn3hngdeqelq.b32.i2p
24783,pbeueapr7rzoezchovdufit74bto4ikdr5rbuvorpto55sukjy3a.b32.i2p
24821,tcnai23pvo6asfmefl23cllpp3vgrgp2jhtjare7vhloyzwm2pma.b32.i2p
24835,vmvctwrvq2pjeo3cpzoxgrtmcl737ekbcshmpbbtechgrehfi2da.b32.i2p
24855,axchaf3cb7juw5tw2jwuhkto5g7xihzl7rz5obg4xfevz66my2eq.b32.i2p
24877,pknyysvgjobbc2nazcv27ivhen3nujrywvw2vfbv5uqytcqw3umq.b32.i2p
24996,vw6nfi6sg7rxmngqedzvecgwcsex7gmy4vutu2gkr7vztwrfzqbq.b32.i2p
25184,xrdc2qc7quhumhglpbcuiqxr42nuffv4xj4a73jbr4ygepitibqq.b32.i2p
25212,53vbwhswcoms6lptmi2dv6mlv6ew7qk2dovkzccjjjrxe4nippzq.b32.i2p
25257,qv4bvgkhvmym4pu6dx3af3dabfrtslz5j5qy2zeomwk5gwg3uqaa.b32.i2p
25262,hhffnzlqo5ks5fd6feymbh6armjqnfup65y7trpw6ens5vhy3daq.b32.i2p
25325,nkcc7pxlqibby7x7lsn3srrfyamdk4yo7drmzzozszl7ql6rmt7q.b32.i2p
25351,cmwzc3kselyxfhafnncoe3pp3eqt4uszrdovkdalu7i5b4rk5ajq.b32.i2p
25520,3xec4b3sx6b3lrvhsqbpaemriqrif47c3civppegggxsj35iagxa.b32.i2p
25664,tq75hg7qdgf6jwceellfpntafaijjme42kcy2cji7ioaspegohra.b32.i2p
25692,vl5jmkhwrlbnodtcsx34r7n7kicmf6wfnbv3ganmxozdfjlqfyrq.b32.i2p
25696,vfx2p4ki5khkswld2rcvkpevbgbn6ubho37qkkbhhmqrvgvpud2a.b32.i2p
25706,fwo4z3av32asmkit263ywbak37fs3wrdtk73dhqig633akxaspoq.b32.i2p
25717,lcuu6xdnn24weje2qa5nkzpdbkn3uslkomrcbfomwtouoyp77esa.b32.i2p
25792,bzznfzwjjeiwzrsy6xxlsahswldtq2jcfydq7qhopjctt327qlna.b32.i2p
25799,yikb4avaxikmtcwhlrn34uc4hffl5f6ovdvytgonxec7r3sf56sa.b32.i2p
25824,zjrje2ffz6qsdzq3ptkj2imstive3az63tetgfc6lt5fss4ytpzq.b32.i2p
25835,gndalsmehqpp4sccxnfsgqrxlbzrd4bpzhpuwymqp7stw2mibhxa.b32.i2p
25900,deic2twnqvpeksyrheczheiiyjrfotgfkzyk4duggyqo4hz2hnpa.b32.i2p
25953,bqkrk6lvfjzm6enxr5dnayr25iwsh7ob4tpbghev56abphkasyaa.b32.i2p
25962,q36ixmjw7niomtxvsptvdmtfy5q4igcn3gkw2dt6jdwxmanwoaya.b32.i2p
26083,sc2psmpgvhy4witmedjqunywznukyzyz4y6izdeddkb4k6qugsya.b32.i2p
26335,of6qaqyrlobltwabik2olbszm5wz44kp6pooj7jx4rsaivoegsaa.b32.i2p
26369,hbt2fpnsos2vh2rtii4fiimjcj3bxoxqrk6izjnoaggagx5lkxna.b32.i2p
26412,czsohl6lnu3uzbuylbo3prgwddgij2elrtsxt3rqqwkuvlgjx6xq.b32.i2p
26468,oaqypy5kawprk4de5y6zusguh4jf6f4fkbid7unfb7etzjzw5vya.b32.i2p
26626,qbucvyldwfft3bd6d3cc4wptyn7bgdtcbfqcnjaxhslxh4commaa.b32.i2p
26685,x3n25owuxyzvkku3wjb5qoqjavjb6yi46w4ifdbcewqud6pklioa.b32.i2p
26766,kwvc5562pdjx4sbhqv3l7mdk6ttru7clrjeo4eu7w75gerkxtseq.b32.i2p
26794,gf2qhkh6cow5dfdonq45yan33vkpxuy7un2topxmwnnz7vwvxjda.b32.i2p
26800,6n2n7ie36yqt22mdt7dmauc6xat5ycye4yu56yc2nwvs2msdwfdq.b32.i2p
26887,uylenqabtiwgincvxq7j4dbycdq3qagaqrwh6r67th2bkfyohrgq.b32.i2p
26956,uigeect5hvsyqzryb4xynrxgssmayv3hppybbe7mhbt3uuhwxj7q.b32.i2p
27047,bdoduc7rhle54q3kyffv5wih57qtls66uppti4bwwzdtdgqco7pq.b32.i2p
27048,gd27rknmfqvac4vga4juhniwuan4t2wysvyaf4bihkpnutr6kxra.b32.i2p
27071,ifal4bmpxsxeyox2bxr2tjeocvg4m6crd5nadioe3d63vhf5q2jq.b32.i2p
27094,almmkofqaprptb7maojyyburcbwlx5px6lsgt4rmd5qpm2jirefq.b32.i2p
27102,k6df36tvyeb7w52nbtn6wzwsdne26gffn6x7xzm3rfcutdjjkwiq.b32.i2p
27154,iow4vfqjsmrtupg3svk6lks2twteltcm5oio2yiqtxx5uudsbiia.b32.i2p
27367,4uzpz6bfaqkbqndtm4wuqfbw6zchv36c5m3dfzygvy6k7kryca3a.b32.i2p
27402,xvghkss2pomhxxk4ch7pc2kedar3r5bgqtifbii4lxcztgig6gta.b32.i2p
27491,w7cevyq4iswcqvfhjs6w5bg262lfrjvurol3x64c67a4ai7yjozq.b32.i2p
27505,wwjh534xtxaw6ofyklm6gt3tvhzuovsf6m25o6f7hxcbtqzyhevq.b32.i2p
27511,x6sjnbcooagnqie6mzp3dr7ogiarzmc3yyurxkfswi72up5kwxlq.b32.i2p
27600,fwcirodgzpninlqmnmmqzahljxs7o63rbb3lzyc2uni77htd5h6a.b32.i2p
27635,xk6y5xjng2svky3xwp6yhtirkmwef6ypkcjhehhkwqk4glp46gqa.b32.i2p
27678,gijabxlt4ox2mblh2nfxnds6u4mlsdeoonizknbdksl7klmbpvoq.b32.i2p
27736,w4lgoexstg4hkunnhr74ny7ug63xgh662hmtvla4xbjxj6w2fhmq.b32.i2p
27737,dns3a44zzbexpzpqakipnshxvdovx5vx4wpwknncbcekldjqp2wa.b32.i2p
27813,eecob64j6qbr6jqhntmihdbcj24w44abkbcsgwai7rfqdvz56j2q.b32.i2p
27887,6ucitrwkrtgqjnoauyui7ob275shcu5ghodg4vz2smx7ly3rxq7a.b32.i2p
27979,zrxzv2vggrnzjzvzi4md2eej5ufwugogzgn4spp24uro4n2pp4tq.b32.i2p
27985,v7gloqbalcpz5wimb7tgvlihuvbwffhxixhe6scr4a3ofw2226bq.b32.i2p
27999,rtv5ufhxasszywdh3oelqrc4yg4kirtirglub4h3mwovwig624eq.b32.i2p
28075,4pf7ftsi35ujbv4awbli2bgmrtkmmwezcw4l53x4q5kparfes3ba.b32.i2p
28078,sjmwr3pvkh7y55fgnosxz7hll72elpygiwlm3vteev7tcfwojkra.b32.i2p
28171,wfvgyyp3lbztwkmc75l7ba7npentwewhsiwbafxxoh2dyg5mrqka.b32.i2p
28284,lhl5ij5ddgmvbg3dfqt4aaubailhaphmw7ougfnldzixkmp3f25a.b32.i2p
28300,4tf6jt7flfpkf2pkzhufnbo2wrranhsmbcda22oep3y4pelmftza.b32.i2p
28488,576qldbyezlfm4m6h2iykulxnayzncdagmdyu5yublfm7ksqapra.b32.i2p
28499,r2al7m32cg2ypjcny627wkoiyanrasmorub2wqla3y6gn6rwzzvq.b32.i2p
28629,eeadtwthjwtzmfurcgg6keiioqfzq5sw7szegm6og2iem5cqgqwq.b32.i2p
28693,o3wcsl22b72cw7urh7j5rbqkvwrwmoan3ez5a7h34fzwf3b27czq.b32.i2p
28830,ppl7rikfforp32fmulfqoipt6gn4rl6ydgkabd4iw7x65vm7huaq.b32.i2p
28889,gkx3o5fy7mv7l4psqqnhp35d5iun7rt3soci6ylf3rgb7a5a655q.b32.i2p
28958,wf3uaec2buqx5cvt5bnz5gnoguvh6vot5kyidorqwyixsf55x5ja.b32.i2p
29001,2xa7va6jsuyluoy4ocdpzef5q2tkkomvw3eoyxqvedy5oomei6pq.b32.i2p
29044,ghlra7mm6fjqntmadgiv5piigmaew7fftvfbt3q52laatzp2faza.b32.i2p
29147,yk5myu643zzqn42ewx5qdoruwcg3ko2qo53sepznkdcevf3g5d4q.b32.i2p
29471,rhzlungd3setztkx5tfofjklkhctmbrstgcm5i3w65pbz3srko4q.b32.i2p
29506,zgp3nzsiq2h7ckcu7w4mm3vx7mge3ulgotkldqgmr3hi56mc235a.b32.i2p
29549,jntgnafwi7bvbtnnrbpsfwdl5xdkcmgldr7xcbafjt4s7bnoe7xa.b32.i2p
29578,u52fjh2ihpwpqbkky4hskfln5ktszx5yk36p3erxvgjqwje2fhva.b32.i2p
29716,kcvvoplefxp455ws6huc7kjmy5jpqepmcrc2ah34vzocq2mwqwfq.b32.i2p
29873,2y7fgouz2sirzg62mj3kozhtdytimddtaigrbq377xa5ojd7gjwa.b32.i2p
29952,xh3tlc347i2kwgnw7w5p4hlddqrtdmc6w5haowoqbidsue4cl2na.b32.i2p
29969,t3cuogxg2q27h4ruuif77bqtobdrbiw6komxavgafmgs5u6bij7q.b32.i2p
30012,amtstumiegib6ujcihbjx5qjksxri4gagibn4wd7eqd425oybweq.b32.i2p
30020,nxpez755wsyvccr5bteitbqvrxshcrmhd3yecmtdhgrd47zmkbhq.b32.i2p
30118,6iczzfsapykyiftgsvjz4lmxw3quoqqb5l5tozpyhmzyqk72e42q.b32.i2p
30216,rhhndytgapmqwcypptiulamjrdlptaecf7cp4rewr5croxveh7fa.b32.i2p
30438,mynzv5qizaxz4funhd3whz5wsoph34id6r5wtlt26uu6c33ehraa.b32.i2p
30500,sckee3fupp7ofql2pyw5rc2m6hwtic33k52d234l7qodd5m6gsxa.b32.i2p
30512,rtkrxwdc66rcgyjuwdqqd2dxetw6bqujpxvojkabdbmgwzuy7qia.b32.i2p
30547,ptvgpexlstjnsu5dvdpqmk5m3f7v32yikfvtht2ooxflnn5mopja.b32.i2p
30620,nw2kxqkgxnmeqdl5r6txmrbc7huafvjpvjpvswtyebv6ovk6fjaa.b32.i2p
30621,ou6zvmpntqibtmwlgbiujxsel64h47unhf2p7ojkrnytwlh7hyma.b32.i2p
30667,d5h5ajeg2qwjhwlccyrg7e3acsvvy6ie2xva4bhqikgxj6jyvroa.b32.i2p
30686,upk4yqiwi55ennbwfsyy5o2us23t4gmucxcsio2tmvh3lye5rmka.b32.i2p
31170,grcradv3yr47jooxylzgjlfoe7b5re2qew3sflaceakiejpyrifa.b32.i2p
31174,t67ltngpvumj5y2yrpcmtw7qxvljm64uowx7j57raayzxhutpjgq.b32.i2p
31189,666xzh44njtf3jnan6q4scnf3nyxnc3jjanwe6wtcrbg3eghxr3q.b32.i2p
31242,gbf6z7ma266j3mpwi5t52elz7d26w3ymb3jmeuseozgpbtstshfa.b32.i2p
31321,i3ti26ynrz7p7fji3yfivrizzbg5jcs3zic2tvafim6nfw7nae7q.b32.i2p
31440,ppjurkdrdenwxb5v3wlkp7uxcbvnpu7lpgbfphszaqv7sxg7rwoq.b32.i2p
31456,ys4kqvtuo4j4jra3sczgrascagc2zexhbscq6fasycf6bznnz7la.b32.i2p
31527,vbudm4ujv7wzrugu62nr36erd7sf2bmtc4ccpud63vrv2rrjwf7q.b32.i2p
31530,3gcqjez7jasxcsdorpobxfoithygcatepmnsza3ccfrpciufbpgq.b32.i2p
31544,4hmigpu3wbjd76nylbu2ljlpdarcgrrg25mri5dvkyh437hfmb6a.b32.i2p
31548,jtvazed3knkw2pau4h3vs2zr2jfdoylbhtivdj5s5a53ovaav4ba.b32.i2p
31630,q44saycndmgl7ueh7cjdmti6a7jjghctvxseaariorkqrzgfsj2a.b32.i2p
31686,aa6rwcmpryzxcluxlvbuvakuye3v64bjmahnvobhnzrx5tiogzda.b32.i2p
31778,c3xsourh3iio7p666dw3pdf224z44mci3xzstn2utrh6lqmfymsq.b32.i2p
31800,bebwnbuysz5ptocn4zzwcgwzgmqt7qwr2ufyudcdzfoburbsuroa.b32.i2p
31801,4mucxjk5rxn2pmlgnjdbfdflhjmqqile5zxrltzl5o77mutl7jiq.b32.i2p
31806,zxmu7cd2ju2gfsr32uiebsiixahowwgget6cxljklsqfxbwfgodq.b32.i2p
31865,wdoh7rf7i2ze7xqwocxtjrmwggazwci3xmp2ho3rjvgyxz4b7m3a.b32.i2p
31984,bbc77a4gecklgi7jmb7wmfbtqetat7kr33aqrkxzbu4we3bqq3ma.b32.i2p
32025,orldtdnbfhjqr3qjbqlswlji4m3ab44dcuddspvf2qki6lfs56ua.b32.i2p
32033,xuvtibxzj5aflzcvthtxpk4k7rfdxkp35hlsfzlwrxpira44r4xq.b32.i2p
32165,mrd3i35fvqlw3so74x67q5ba47ex2hlbzv5fmfspfif23fyqljha.b32.i2p
32168,m35kgq5zponh5vnmtbfuhmobt7of3nafelz2mtrscj7vicjmdzoa.b32.i2p
32231,63hojgsrzugeerjhwfbvfg7llus63tbxlbqr6lq2v2czjpvpzada.b32.i2p
32312,micjjvl7hdjtbhafkbodjep54k55lo3t5cilvhwfbypva5rymdda.b32.i2p
32369,7tnxtigb2qpnlrq3xydejvoyqr4wjl2zojl5ckyhgkqjknzmhbha.b32.i2p
32415,24s4mfnpygf25bqe4x7rqhotj2fwvc3m3xmvuac5axvuzj6bcmaq.b32.i2p
32427,q2l6a5mhgaul5l4neta374m4ofmsq6t7yxnjd3wa34zxloy5of7a.b32.i2p
32645,tbi723i7aujgy37utb4vdzl4z7fwb3vkaenvxo2fx42bdhweqyuq.b32.i2p
32661,oidrgmrw4psn3rh5alvnkdhogxxik5knclpnyex7kfy2wuzrgkya.b32.i2p
32679,sl2nog4k34jajbd7axj6zmepihzjmbax64ijqwnue5du2h2wj3qa.b32.i2p
32704,3lzixwiz3s2eljrzciec7o5rwk4wi433zpisy67obgyjjfzkqzrq.b32.i2p
32727,ju2nhlxalj6tzjvsjtt5t4rvgduj36lb3vxabb7byht3rde7nauq.b32.i2p
32766,5dnusisenwpuccqjcfjjvauz4abgxvsrc3sv6tgjgavkdkizcqnq.b32.i2p
32806,5doadwte5hal4kbryv2tu2fbaqvr7i24s6k6e2drcrmzeqlogqhq.b32.i2p
32863,riz5ztjyumwat5mmdwesfxw55kthd2bd26djasp4d5lmcypgnnuq.b32.i2p
32871,tsil6chamyo2t4h3g4d26pxr6xwzk6qag66ounmvsk5lxy3ronaq.b32.i2p
32917,w7isgw5s7en243pv2otoczf6d7iirzzirpidlyxpvv3ljcljfm4q.b32.i2p
33041,kdbggpdq6glx3opoldcv7jqgzry4wmaf2mvvwvdlbm3cfug4fdra.b32.i2p
33072,aygva6yyvmepq2rp7odi3tx77daipumtin6gapwfubaz53hjaroa.b32.i2p
33209,axis6zcqacv7le2ms5xqaerecuk3jyrijifrstvxl3or5g5n4ova.b32.i2p
33230,bt2ycianlq5xweqkvsl2yd6ggfaz2qp3rfxc3etquamcxxidaqaa.b32.i2p
33244,ls2ns7khcqf7qdbpyql6t7mtoagtwvkizk5xfviuqbuecaw4cnxa.b32.i2p
33315,qol4ls6saufhaupvficnpgxqcobvdpyfrkemlgyerbaykp6nymoa.b32.i2p
33342,zkx3m4udn26xccdoquyjhapkc6gvjclvqwkambs26plqgs5h3i3q.b32.i2p
33362,3i6wzz2427h2ipw6gwqk4dfxckd2htvp6mlfb4ohwquhnkssmzva.b32.i2p
33413,oyrdmpdi777tkjamnxc6pmhfgxjugke6ky5so5frmnidohwajcga.b32.i2p
33494,4tas5ng7eu7xa36njymvktscddw7rbvn6fhkmituapospowf5n2q.b32.i2p
33509,3siqu6bqv3rlhlabmztd6aiwwziq4uqfk3dkq4gbmt3gmsceesdq.b32.i2p
33625,yic4xdhfvvzc5qrozbk3ihdtziooqszr22lbgkimy66tlgzebloq.b32.i2p
33957,xkq5jflwbzjfm6l634dzqvheuqqdolfedcm7zko4j7tigfiuj3oa.b32.i2p
34168,eosn4wgua6qq7efuytkpyps4zbkvvbovuvajwjxan2aj5apfhjfq.b32.i2p
34176,fneo6atsanj4z5pxm2jzjhhg5yfi2twsxtcjcdqadsyiozei4oca.b32.i2p
34200,xju2nq26movzjsjrrcundthuxym3qjapv6onpfj45qnxyhmko5sa.b32.i2p
34229,dfy5rqekmh5mj7vall25jgbn7dsxkufxqkqbjloz4g7ejo2t5hva.b32.i2p
34403,2ck775vmxce5ef7ziischtcrrtx7bu7zbbvkyoj7nczh4gi7ciiq.b32.i2p
34531,6fhswgkg3pk7gyiavlomcppx7v5tro7i4743acq7ibyq6airanma.b32.i2p
34549,d5rw2gplqr5tb4e2b3e2q2emc2au6nvtx6bn62sepojf76chq3ra.b32.i2p
34573,6cdal3evcyhv3stvc2dxizzl4hrvzu2yc5mp7rlxhzqcyjl2zxba.b32.i2p
34744,j6mp5aifhn7a5zno2xklbrg7lgtmr2bzn7mrrxl74j5en2ldku6a.b32.i2p
34803,lsecr37ia5oqrondykyqaupm6euxj4eyapru23ohkwimgey4mlfa.b32.i2p
34962,62mbymgqfttsz5an2quvncsi4w4ys4qsfjc5subig7td6sc5funa.b32.i2p
34970,asxfwkm5mvw3diyxfnyvmymgpjmaokq6beglobxsidgihi5dwbeq.b32.i2p
34975,2c2ut7g5ptrv4cmiruybewj7ojx4onqvx5podvw6vllkbbyu23oa.b32.i2p
35006,hsfeyod5vr57bpukxwairrj4prnegmzoxm62vwtbrj7u6ggskcna.b32.i2p
35045,2j2uouwfsqu3st6hhqymy7ukvnnhmlkatjrllbkkkztd6zegadca.b32.i2p
35084,45eajsvvtfaknvzge3cbjrsiewlm27izpr6qor5cdyfcuf3oqxgq.b32.i2p
35178,kzr3qsq2zx5yebvoqlk63wisf4d2p3kmujbmghjhfp4nvgzmrscq.b32.i2p
35262,ce4h4waizhbbdgtho5obfov6f6kvcjgjlpw5jg4chdfkjoflvhxq.b32.i2p
35359,opma35hkdoufzdxgjnoz7i6q6vg4xkuyzlaihqmrvyuceaybn44q.b32.i2p
35362,oz52zds2d5uz3jnilsdw3lvidfljghslm55y6g4lbtatqhjnafma.b32.i2p
35377,gvxzox2hm4nfkhsdhkkbztl2c4ft6gm5mpqmhnowbwvkcp22koiq.b32.i2p
35547,kyf2afwgllpczhvlyejj5kqklchgfao6xcjbfa2gczelndz27dca.b32.i2p
35583,ll627mmrdmgfuwy2vzjlp2eauehqugi2j4bzdj3tjnbk73ulcdha.b32.i2p
35602,cxm7l4zqfvh5qzgxtpigkfzo4h6iwqsqhroueatvfwmtejr4wcrq.b32.i2p
35652,lvek7u2z75bywoiay5gum4ipc4vbvjkujkpgcqzjzpotwsvrjepq.b32.i2p
35692,hhz5opr32x3wvl3xvjlcym4yjx2xjz5f56kkxlfwd2q7sxez5bgq.b32.i2p
36057,whba2ljn2sjvke45yjkyudzmelwkjcop3m7r6kubohngq3pb6cqa.b32.i2p
36075,renjsnyixhadrc3v44osd2c52kmcl5by53tubd4sjxax35zy5v4a.b32.i2p
36077,3twxetvv6g3sgafsnneuklr5skaxwv67ndb5s6czcldfqcae7x2q.b32.i2p
36078,l6dfq3tnlzewdwzj3v2upz2ytjfcnrbeplpuib5yv3skkekpyc6a.b32.i2p
36411,uzhxpghlxw34yxx233zejkdimlkufbbaawgmn6733hbyhet45gza.b32.i2p
36568,ytk7mxprzc37k7il5y5v3usr45tt7ostypbpu3hz7yong7ewap7a.b32.i2p
36768,gaj6bqdkdnqkhlvax4nfkrj4h2dkn2iaaq7w3xz4gdj2y3w2mppa.b32.i2p
36790,uepixgvsjudtp3jqcsasbuli6u6y3jjyjzrljkiznoucb6vijq7a.b32.i2p
36880,onmreklus2yegumlimt3levfrs2pteli3ok2sm6afaeenqfltm5a.b32.i2p
37002,clfi6ogwn6v72h5ghq3bnbvekrvgknlum36jfsg4ascmdxehrjda.b32.i2p
37092,6s4qgtxbrqvkqa4k7jawdavmo3ooftdfrzup32ocznlra267vcxa.b32.i2p
37107,ubud4pjw6uzzaj7ejjf7ojekmyuh4ownbczmv4gzb5ktwd3llv7q.b32.i2p
37155,q6jlwyjwgaqnhj6dohzj5j6jjlc7wbkxkkno3j3qqq47grletbhq.b32.i2p
37306,fjvlhyxejnssd5yjxqvom6nooqjdrhd43umxnzw33h2nqzhza5qa.b32.i2p
37339,w4fio5vszuyocdcavyqatzago5hkezxim6sqkoxmijy2m27qiduq.b32.i2p
37374,wcvu5m35wmg2vzfunglrsqhgvzjwqqtghviozzyzbvb2jyyjeyjq.b32.i2p
37453,ayhs52wzd6sxrbpvq4uf7erh2fi6d6hmgh4jgke7g54oewi6m5aa.b32.i2p
37454,mgykvgbqllvhp6fw6lqcpb4yc3ebfvko52nk2psrefcfrbjo4dkq.b32.i2p
37469,eh4e6q6iifqsm7samwhxningaqdbdmod3p5jsyd254vgd7trgdea.b32.i2p
37539,aa4ynyzelydaarlht7engbd7g4mlkxf4va3ppwceis6werq32ziq.b32.i2p
37621,5wprlajowcnuzvy4liqhz2f33ev7w6ijvwiclavxhawdrk64ju3a.b32.i2p
37715,icqucbba72w357zyonoduajqnfbpqrpjbqccrbp62nj33zv4rsdq.b32.i2p
37803,u6uj3bojak4xk3r5e4pe4rj4mfjthvybp3n6s5va7itlsadcju4q.b32.i2p
37830,7jq3ww5ex5f7esvixhezufqq33zkl5ft2tjzxkg4i6mykm7pvnjq.b32.i2p
37880,ny2s5o3vin6unx6aemp4nucxsaaoptdaxacwiumza3gv2kpzg6ra.b32.i2p
37917,iaptv325budtojv5uzo6ju3xy6bl3wxghnzhz7n4hktdo75r352q.b32.i2p
37950,rvlhkwytsy3edbpb6z72ddmoqvxmbutioggwgnqx7cpagnmzfidq.b32.i2p
37997,bicatpfsdeoco42pm5hcqsoo72x4gnfd6u7kpsamyve5c5ufuyea.b32.i2p
38015,arajj5rcgaijhyafv7iklzpqmlibh4ugyuxmo6i2fekxcpb3zkca.b32.i2p
38096,tk3ydjnk6vxr5w2sdear6c6sr7jkuwg7oq3uvhjxdqunslgvgxta.b32.i2p
38134,4cm56f3kwrcq56inv5lieruqhgtutiw7axhblc3txew4zgnko3iq.b32.i2p
38142,ezmtfe5smkcw6hmytbaww67hok4bzoooqaaczpjyhzovdji2onua.b32.i2p
38220,6xdqetjfshiyi4g3tgapxtlpfcltju5ypkxc4z6ea5areyd65rmq.b32.i2p
38559,gwub7gxjucbuyw3sywqr57gppaaesnplub6trv5r3ywn4cjcl3da.b32.i2p
38779,rotwxcaeyfkqk2ut2xlcsvqgpixlz5tlfbid6i2lpludtem35ofq.b32.i2p
38807,wnnbgjym5ibtkngfso23bdcsxmlmjgz7bfpkjpcs2sisi6us2tba.b32.i2p
38898,k6xleigvwe32medoalnkwzsai7kj5ffqebuxzfzzsnml6xxlcrxa.b32.i2p
38923,bitag46q3465nylvzuikfwjcj7ewi4gjkjtvuxhn73f6vsxffyiq.b32.i2p
38942,7p4tbrk4gyl5fxu2y63opdfbva7ux4zfvilvhqoishw7a4ya22za.b32.i2p
39115,df2kxa5jvbfm36bfuw2gvyf4nmmbp5shbwb3jfp4vtvmtcikrdvq.b32.i2p
39251,plww7tyzdgiml7f5ve5zniacx6at3dlmy2jf4jndrma2blfiux3q.b32.i2p
39437,yjhzwom2gdyrk22udjiqzh2kh34rnkta73tttyuco4lwtva4vmkq.b32.i2p
39472,fyybpidrk47mt7ny4zwr6eumwuzfw5dp7arxoivyqwke6dxw6awa.b32.i2p
39501,xdfb44hnunawt2v2ptcovaq2ot4zh2vyguh2z2wdhqprd44on32q.b32.i2p
39549,nqo24eacc4iip7pdturfmwpjydt3sm2cftwms522p2pxxgubowlq.b32.i2p
39553,ya27o3v6hm7rx4tly2edhzwfbe4t732jefznneyp3slofvp4rska.b32.i2p
39589,nl7qo2j7toezlqy3np5kde7zj2uzlr2smfiqfnpdo7tibxmjd7vq.b32.i2p
39601,42gd44mtd4hkydlc47angongw3anwblv6uilntvje4rsuiszgl5a.b32.i2p
39705,245xsrobotxum2m5pvoqbg2h7q6logbnubnkooyqa4k4fkgzb55q.b32.i2p
39714,mjuo3fyygqoglsptpduntrtsuf5lf5orky3g2mqxn3n2piiqkc4a.b32.i2p
39808,z5d45aesdgusffapdfolrqdng3wbeipvyfjznn3yqyc3wgvms7wq.b32.i2p
39908,jpdq4mtv7pa2qrzjt5lttxbo42kqfsa5huk2oztsh5tellmwhjva.b32.i2p
39952,ahuwk22cvzb6cd3gmbf326avuyjis6yo7y5djunj6l5bzsrryrfa.b32.i2p
40035,x4mj62yptxyx7evsi2umtpgidup3mqvwagplk7ekdykbrza4keva.b32.i2p
40149,7zdyvyfornxygzjioozuajfvg2mzdkl2xghogkyahy5ndwakpiyq.b32.i2p
40344,rnhumynj5ijot6vdrcyphq4jaqhy7s4t6fa5ija5icnffdn5brwq.b32.i2p
40525,hyrujjybkgztoclt57n5icalibraboamqe7hisnnfhzfunosevsa.b32.i2p
40532,oaion3mvbeu7o45s2nitkxsofvwaogdknw2uv3mgkr46p6zidc6q.b32.i2p
40845,z6kncicsuplbs6abdwfbgp2uj2m7xku7kfsivcfgjplwgb36tcza.b32.i2p
40924,vjh2afgivi54azuupbgzsanuimjcdaafpxbyctmsooddgsrsywnq.b32.i2p
40962,3ckwqzfomtfs5wovq5mhj3fldm56tgdyw2vafqogoliduaxkrqfa.b32.i2p
41115,ssecvgaswxe46xowxcssq64u5cqndbaodzyxdkwiwfvq7fbebt5q.b32.i2p
41181,bjo5w6grztdvdrhjpj5xdnss7l6linxbtd26ymwtr6sdws5zdxoa.b32.i2p
41243,22izad2hojugma6l7ks4p5mn46j2sn7kbhpoccxcc4bb4zaytara.b32.i2p
41315,viinlvqri2k3nlfyrvfd4oph772mu2ik7cvqwz2dobzzzqwamvta.b32.i2p
41425,puri6y5dtwh6zr4u77ep6ozatun6iz7v4wai2dzxppz7654corlq.b32.i2p
41551,twjjaeu2itwbrgaa5c7o72z3sbklajqba4r2nwjmndw3fsmxaeuq.b32.i2p
41609,lnuipt5eu25pzact5wgkxp6hujxf2sjynoi4tyckes4aqvbbxapa.b32.i2p
41634,ihry44ghnvg6luwbc6e5iwbzro7ingnxitl5prxlhuznvyxio7ja.b32.i2p
41671,zidvahig33k2yld2z747e6pifychwg2ro5xl7ue422te5njqluyq.b32.i2p
41856,ho2rcu6udwjb22e3zuwxg2whqbzqgmkwqeo5zj36qmyb5qe3yzeq.b32.i2p
42175,hofpgp3hm2whfh3ok6dsju3daebrcp5cpwcgfld7wmg5gyuymwpa.b32.i2p
42380,xzu3pjy2cjzxvfhgnvmhxokykbjaqp3jrs227dwqklkh2l4ddira.b32.i2p
42728,ejokc34fr3kcprasmdvv5eocues6c5t5g44mlrmwy5mglkaaxxla.b32.i2p
42759,qe3jsx3m5bxa4lwfy4ycfupjpcbcpmmroigik7pu46m4qebmonyq.b32.i2p
42865,6xiniakdkzm5mbxcencoy4zch4hbtcw3vefmqar66d6zdiikv73q.b32.i2p
42923,aouk5g3pkfvmnd4wjbqofdcxbutby3z7lkzor6fxrpaexqmnzu4a.b32.i2p
43173,kwqm643x47nlmw2un7hp2k73wukj5aqxbcwvtqckzdyzcjkyff3q.b32.i2p
43197,qjomnydejiqpnkhx7ip3zoomwsgwcola3h6l3kgxgds5xnifiqaa.b32.i2p
43692,tmrbznpgibqrmdsrq3mqks6qz4so2x76odam6nwwnuf5mlhqnd2q.b32.i2p
43803,oiusttd2ecfx6f4m25ufu45vuiqtvpzwj6mkvujqpduqfz76wxeq.b32.i2p
44004,4ndntt2nux2acazoqqkycnjdh52dz572tt6dx3yqtwxu5tsfbqlq.b32.i2p
44242,btzmieaz7hu3h6lbxdsrdxtfqygblwvv46b55hpcyx5qz2a4otoa.b32.i2p
44278,7ovirw2aw4yprc7squ7h6ehwinalhsriq4m5bzstnos3jmmwkkea.b32.i2p
44284,lqtbkl3k2z5fem5w4jadwncuob767eywsw7nd4vodze6k4u7azgq.b32.i2p
44442,wnqce7g4puw4snecelkvxe6k7en4j2z2ihdv7uxho4edv74naraa.b32.i2p
44492,wrr7dbg4x63sqyt6sp7zjrzaqhgq22trvvyro33lqewgoz2n62aq.b32.i2p
44540,s6bywzijriq2gv4xo5gozzr6cc45r4frtpkiz4732xvigxb3pqka.b32.i2p
44704,mba5jue7pxz6kdnrsarmrxfgtp7gfanudgygklclyffknlpicjuq.b32.i2p
44869,oji63ixlt2isrcopxusgmirgqs2hrfxmpiwrdzqybaawkjb2czsa.b32.i2p
45218,wmaipfufvbwepedvf43xwkziioihx4nkchmujnsyu3dl56bo53qa.b32.i2p
45262,5jng767v2bfb2j6lgl4vgr7oyqvclhnug77k7n5ntb7pijckihxa.b32.i2p
45383,hnpsqb5uac4e3xe6hwtndgh5kb47nvgp2azcs5cx6huqnryhj2pa.b32.i2p
45421,vlewbobvkyglh4gysrq6axe4hotpdoxvgvlfgwrenrbnv5dc7bdq.b32.i2p
45436,5jj742wcyk5q3yfwj5cil2odoopucr65zfsbahrqsskuoi4qsh5q.b32.i2p
45614,g67aagjnm2ftm2hvzjgdzosyygkg7jwdvq7xyvhz3735lvwnhgxa.b32.i2p
45772,i7fhecxacfy7pciskmq22ft3bjevrgtfz4mqbrlijms6hwbxpqsq.b32.i2p
45776,mv4mhos56x3baajsbygap7khb3tqrcxbweb7xlm5wbckj2alntwa.b32.i2p
45832,wd2jgsfmrnanz4sddvlxqyzu64uuc7kcn3tbtcwxe44asg4vqgia.b32.i2p
46025,z4dsy6otumyyfifgscwmjygo4y55jmsow6jj73jlyqnvvwsili7q.b32.i2p
46160,zp7zxocqcsu7clcmiak54wqrh5um2upyl5dou6ne26obzja223nq.b32.i2p
46182,cdvkgn4mo7u74lrvfdga7wi6jqauvofxxgc6gwrtmgotc4lz7pmq.b32.i2p
46237,qeoqtkbp2iwuxzcopsetlz6y42iepi543cyfwq2frzlywbv5hvqa.b32.i2p
46355,fx5dz54unkvktwmccrcuv3lydgw2dacwl65tcsorerfr4esehjtq.b32.i2p
46491,dg7gzil6coewn4e2siphaqs2ubxdg4odbomdn5hhwzuy27lm5h5q.b32.i2p
46608,2nnkjset6uh5y4mf6tbx4xzbv2fa54qnn5qmu4g3b6vh6s6s72ca.b32.i2p
46868,kan4ccme27fsuppqkdzjh5x22zohigbu4evwhfmgbp6o6a2zzt3a.b32.i2p
46883,ct4eddplazlt4mvrkedxqldcxmj45bdfi5u523wng5723aopqhda.b32.i2p
46923,qblblnmzp4tan4scwl7ta6lmwogjhyxdg3bqe4rspihlr7xbfkia.b32.i2p
46937,kt7nb5htld2hrxqxp2qhmm6gvog6uvdxbeituql3u2hrtwmvznjq.b32.i2p
47078,37fedxkfhvw3aizr3ayyhzpuio5krdgskr7wrmv4qlvggiejp3uq.b32.i2p
47268,sids67nek2rutmfelzfmeyafjjk3wb77ha7xdqh62bn6rd6vjsdq.b32.i2p
47302,nmng74s42xmoec4hpdhsmomen6jbcbzd2slmwclmbzn5xpzzs5ba.b32.i2p
47308,gcix2ouegnwpriqavgmqfcrxee3mccthu63fmb4patvoz6mhrj2q.b32.i2p
47734,pi6qsygtbwewoc65boayj4wofzagylq3wwdgxgryq6crzw2o5tsq.b32.i2p
47788,wqaf3wom76jvrx6io7kptu3ujzcnibz7d3rjgxzvuhyev7ae2bma.b32.i2p
47841,5kk4ax6katuruz7p7vqlieexeigrzdfa77lm6miamof3qydphinq.b32.i2p
47949,sfpunpwjxfydzx3c25447q6jjnkgr35oilohe6htzumj4iurcxea.b32.i2p
48053,zvmhklkkvfujsqdkj5ewjev77s7lhno6ahesv2nm4rhqqapm4ova.b32.i2p
48195,2tmkk7esudjqkhilac7faqasipjrmkhga5vfs23a5nd44rv25cwq.b32.i2p
48296,s4yez3p5vrobgcmpladcpu4zj6hafd32e3i2jd4b2c74fht4nhva.b32.i2p
48308,pus265mtufz3ya4ghpuekshnzft2ropswdr4af2dp7j4rq2quupq.b32.i2p
48490,vis32nqj5mtbqruw37n7jdixlnd5gcgah3gldgtzhigxaule7xta.b32.i2p
48904,wwp2vmnrvajof5lasw45v3vjmgklvzjaeisutfgashuzbbfozuga.b32.i2p
49073,7ejnlxvx3ncfhawujngpeytzytaq3cerzhruqi3hpazejmlw7tkq.b32.i2p
49125,dpw56wuuuwsnjx4heo4e254jzb3xb6rk6lpba6i3qnk36j4eskdq.b32.i2p
49144,gupjwuzb4iqm3vzksx665444vwkptbltfkvhibamqnnz5k2l5yuq.b32.i2p
49153,enrgqvvpenvxqhbrmxn27c2i56rban23c4tbglmb3wj2gkdbj7na.b32.i2p
49215,q3cyf7fa6hwf5jex5e6h6jsewvloc4znovwbjolna2lp2x3kpjea.b32.i2p
49227,fo56crtlodfhmduraxobtauu7jquq4dyai6hh3blpcplb2rtkp5a.b32.i2p
49361,eeej5nynwa5pe4slg6ny66l2rck37m2rtaglair53cff56xmssaq.b32.i2p
49457,x44p27elfz4hcmuszkxjtiqpgfvlbmiyy3azcqm4uzjeiwtospoq.b32.i2p
49597,brm7v7gbvpkotzst7f6txmbtnvii6xra3bi7ibueax67x3ynz3aq.b32.i2p
49627,frrl6jltlsxh5hsyqmhzz3wfdtyos7bqymzg7bieo4eic36ykqeq.b32.i2p
50105,6cczi27iuxkm3aivazaemzltdqgh42ljzurqp43uclbz2lid2uqq.b32.i2p
50212,md6bzst422cy5cr5ldma2pjk7wa6mfhpjekmmbagqyf45dd3ftla.b32.i2p
50321,azkhqh2yvg7twsrhfqaq26uleeuebed547jgvcrsxaleayjesxya.b32.i2p
50610,3hmptxkzhdt6sque4b24mspbb57ws3of2vrzjeekpaau2ashwhuq.b32.i2p
50715,2yakg6okxnesvl4qjveggztp2z6i5kys4bh62o7igtusqj2yy46a.b32.i2p
50873,mz4vepr55f6aoceqb256cxsrka3mee3uld3tee6sqsjtumntqnzq.b32.i2p
50901,64jkvzj4yp4gac2p4plb7iohfd7jrsaheohq3ccmdpn2ypzlvfwa.b32.i2p
50921,i363j456epjd5idhkgnfxynqe66ltu4432z7mrrnalml5y5fznva.b32.i2p
51237,uc76mb7yz7wh3v2m22xf5nvn253hskco4i3nyhigxbhwqhweighq.b32.i2p
51653,b6qqwjucmrgklothna5xczts2qe4ypngbnd6aya5dvqvmbejd5cq.b32.i2p
51817,hcogmvou7ogzae37h4l5vzxmurfkqvmiqreqdsqirdi4t4eyhoua.b32.i2p
51875,dydkfzoeziazx6w5w6k2f6oivadlbm246whvcmkzdtl3e2j5r2xa.b32.i2p
51905,ewkfnvsg6s4wkhhgjpxgnyirpj7c4zgsvi6yfmkap6z4i3ou7cka.b32.i2p
51960,76mwplysbr2miy6x5vvi65us44liod3z2loqys7m3qynchg5bvhq.b32.i2p
52129,5uv57usenu6bbgp7swkiw5hmt6utgi347kx324aybhfotpmy2zaq.b32.i2p
52220,7admzxrbxndy64jpwnnkqwcsxufdvnbmwu7rtiybm2suml5yuupq.b32.i2p
52436,lqo7c2exnuoh5bhtafm45eps65jihteisnowxssamrc35lh4fo2a.b32.i2p
52459,xjp6uqvmlg27zapscjq5mct3q2ujtktwzjl7rkeyaqpzfy57bfya.b32.i2p
52689,fnibopri3v7ou4n4t2flgbh65mmkdxhumphsjj2wscvjl2e6ltrq.b32.i2p
52976,eaqdw3kqxiljiloq3ncbuc75nbjdpwh6aim4uilsom4woimok26a.b32.i2p
53005,b574ptogtfpgtyxb6dfbd6wvpwhbkc7qgbsl37tseoaczgpaz7qq.b32.i2p
53103,lmkp2huitp73nlvq5hzsjkppfydseznwiglctj7jtgw3vmvrwrea.b32.i2p
53566,24x4bw6at55wcbkbhes3vmt4gurzaiswvg5eqwiqwvd2h5yn3uwa.b32.i2p
53894,mv32lpcx5gpsioobdbo46opjzl453t4mmqxggj7plzppodgywzgq.b32.i2p
54000,l656xxtiipwziahlgjlcusiv2sbgb7edz26vjejdim6jh36vohrq.b32.i2p
54235,z64yeohx6phl3heu4ipxnyg63cq4ymojm5xbeqpatuslrkxqcqsa.b32.i2p
54668,urcwgeiyaopohtu4pgfjo5s3mggthpjl6mgbgjfkwgcxio5x3d2a.b32.i2p
54776,vcrmidhs6xm4xikimm6r23ir3fcreivjtdccgj42lscq3b63wp3q.b32.i2p
54818,rh4gqqzqkcfkqrof5sou5kl2ksetqrib2tjp5u6okyrnhisqo7ba.b32.i2p
54988,5m7ygxhcdyfa3kx3wfjbbunk4pjey7a5zr5lnfb3upgjbhanrita.b32.i2p
55020,fex6v4zccrovs7dixqbigbbqtrb7ylrmpgphwnwoyjutrg56qmoa.b32.i2p
